Base path: 'C:/Program Files/Unity/Hub/Editor/6000.5.9f1/Editor/Data', plugins path 'C:/Program Files/Unity/Hub/Editor/6000.5.9f1/Editor/Data/PlaybackEngines', jobs: n
Cmd: initializeCompiler

Cmd: compileSnippet
  insize=8465 file=Packages/com.unity.render-pipelines.universal/Shaders/PostProcessing/FinalPost.shader name=Hidden/Universal Render Pipeline/FinalPost pass=FinalPost ppOnly=0 stripLineD=0 buildPlatform=19 rsLen=0 pKW=UNITY_ENABLE_REFLECTION_BUFFERS UNITY_USE_DITHER_MASK_FOR_ALPHABLENDED_SHADOWS UNITY_PBS_USE_BRDF1 UNITY_SPECCUBE_BOX_PROJECTION UNITY_SPECCUBE_BLENDING UNITY_ENABLE_DETAIL_NORMALMAP SHADER_API_DESKTOP UNITY_LIGHT_PROBE_PROXY_VOLUME UNITY_LIGHTMAP_FULL_HDR UNITY_PLATFORM_SUPPORTS_DEPTH_FETCH uKW= dKW=UNITY_NO_DXT5nm UNITY_FRAMEBUFFER_FETCH_AVAILABLE UNITY_METAL_SHADOWS_USE_POINT_FILTERING UNITY_NO_SCREENSPACE_SHADOWS UNITY_PBS_USE_BRDF2 UNITY_PBS_USE_BRDF3 UNITY_HARDWARE_TIER1 UNITY_HARDWARE_TIER2 UNITY_HARDWARE_TIER3 UNITY_COLORSPACE_GAMMA UNITY_LIGHTMAP_DLDR_ENCODING UNITY_LIGHTMAP_RGBM_ENCODING UNITY_VIRTUAL_TEXTURING UNITY_PRETRANSFORM_TO_DISPLAY_ORIENTATION UNITY_ASTC_NORMALMAP_ENCODING SHADER_API_GLES30 SHADER_API_GLES31 SHADER_API_GLES32 UNITY_UNIFIED_SHADER_PRECISION_MODEL flags=0 lang=3 type=Vertex platform=d3d11 reqs=33 mask=6 start=205
RunExternalCompiler: begin name=FXC
RunExternalCompiler: end
compileSnippet complete
 ok=1 outsize=582

Cmd: compileSnippet
  insize=1632 file=Packages/com.unity.render-pipelines.universal/Runtime/Decal/DBuffer/DBufferClear.shader name=Hidden/Universal Render Pipeline/DBufferClear pass=DBufferClear ppOnly=0 stripLineD=0 buildPlatform=19 rsLen=0 pKW=UNITY_ENABLE_REFLECTION_BUFFERS UNITY_USE_DITHER_MASK_FOR_ALPHABLENDED_SHADOWS UNITY_PBS_USE_BRDF1 UNITY_SPECCUBE_BOX_PROJECTION UNITY_SPECCUBE_BLENDING UNITY_ENABLE_DETAIL_NORMALMAP SHADER_API_DESKTOP UNITY_LIGHT_PROBE_PROXY_VOLUME UNITY_LIGHTMAP_FULL_HDR UNITY_PLATFORM_SUPPORTS_DEPTH_FETCH uKW=_DBUFFER_MRT1 dKW=_DBUFFER_MRT2 _DBUFFER_MRT3 UNITY_NO_DXT5nm UNITY_FRAMEBUFFER_FETCH_AVAILABLE UNITY_METAL_SHADOWS_USE_POINT_FILTERING UNITY_NO_SCREENSPACE_SHADOWS UNITY_PBS_USE_BRDF2 UNITY_PBS_USE_BRDF3 UNITY_HARDWARE_TIER1 UNITY_HARDWARE_TIER2 UNITY_HARDWARE_TIER3 UNITY_COLORSPACE_GAMMA UNITY_LIGHTMAP_DLDR_ENCODING UNITY_LIGHTMAP_RGBM_ENCODING UNITY_VIRTUAL_TEXTURING UNITY_PRETRANSFORM_TO_DISPLAY_ORIENTATION UNITY_ASTC_NORMALMAP_ENCODING SHADER_API_GLES30 SHADER_API_GLES31 SHADER_API_GLES32 UNITY_UNIFIED_SHADER_PRECISION_MODEL flags=0 lang=3 type=Fragment platform=d3d11 reqs=33 mask=6 start=15
RunExternalCompiler: begin name=FXC
RunExternalCompiler: end
compileSnippet complete
 ok=1 outsize=286

Cmd: compileSnippet
  insize=2730 file=Packages/com.unity.render-pipelines.universal/Shaders/Particles/ParticlesUnlit.shader name=Universal Render Pipeline/Particles/Unlit pass=DepthOnly ppOnly=0 stripLineD=0 buildPlatform=19 rsLen=0 pKW=UNITY_ENABLE_REFLECTION_BUFFERS UNITY_USE_DITHER_MASK_FOR_ALPHABLENDED_SHADOWS UNITY_PBS_USE_BRDF1 UNITY_SPECCUBE_BOX_PROJECTION UNITY_SPECCUBE_BLENDING UNITY_ENABLE_DETAIL_NORMALMAP SHADER_API_DESKTOP UNITY_LIGHT_PROBE_PROXY_VOLUME UNITY_LIGHTMAP_FULL_HDR UNITY_PLATFORM_SUPPORTS_DEPTH_FETCH uKW= dKW=DOTS_INSTANCING_ON INSTANCING_ON PROCEDURAL_INSTANCING_ON _COLOROVERLAY_ON _COLORCOLOR_ON _COLORADDSUBDIFF_ON _ALPHATEST_ON _FLIPBOOKBLENDING_ON UNITY_NO_DXT5nm UNITY_FRAMEBUFFER_FETCH_AVAILABLE UNITY_METAL_SHADOWS_USE_POINT_FILTERING UNITY_NO_SCREENSPACE_SHADOWS UNITY_PBS_USE_BRDF2 UNITY_PBS_USE_BRDF3 UNITY_HARDWARE_TIER1 UNITY_HARDWARE_TIER2 UNITY_HARDWARE_TIER3 UNITY_COLORSPACE_GAMMA UNITY_LIGHTMAP_DLDR_ENCODING UNITY_LIGHTMAP_RGBM_ENCODING UNITY_VIRTUAL_TEXTURING UNITY_PRETRANSFORM_TO_DISPLAY_ORIENTATION UNITY_ASTC_NORMALMAP_ENCODING SHADER_API_GLES30 SHADER_API_GLES31 SHADER_API_GLES32 UNITY_UNIFIED_SHADER_PRECISION_MODEL flags=0 lang=3 type=Fragment platform=d3d11 reqs=1 mask=6 start=146
RunExternalCompiler: begin name=FXC
RunExternalCompiler: end
compileSnippet complete
 ok=1 outsize=254

Cmd: compileSnippet
  insize=2497 file=Packages/com.unity.render-pipelines.universal/Shaders/Particles/ParticlesUnlit.shader name=Universal Render Pipeline/Particles/Unlit pass=ScenePickingPass ppOnly=0 stripLineD=0 buildPlatform=19 rsLen=0 pKW=UNITY_ENABLE_REFLECTION_BUFFERS UNITY_USE_DITHER_MASK_FOR_ALPHABLENDED_SHADOWS UNITY_PBS_USE_BRDF1 UNITY_SPECCUBE_BOX_PROJECTION UNITY_SPECCUBE_BLENDING UNITY_ENABLE_DETAIL_NORMALMAP SHADER_API_DESKTOP UNITY_LIGHT_PROBE_PROXY_VOLUME UNITY_LIGHTMAP_FULL_HDR UNITY_PLATFORM_SUPPORTS_DEPTH_FETCH uKW= dKW=DOTS_INSTANCING_ON INSTANCING_ON PROCEDURAL_INSTANCING_ON _ALPHATEST_ON _FLIPBOOKBLENDING_ON UNITY_NO_DXT5nm UNITY_FRAMEBUFFER_FETCH_AVAILABLE UNITY_METAL_SHADOWS_USE_POINT_FILTERING UNITY_NO_SCREENSPACE_SHADOWS UNITY_PBS_USE_BRDF2 UNITY_PBS_USE_BRDF3 UNITY_HARDWARE_TIER1 UNITY_HARDWARE_TIER2 UNITY_HARDWARE_TIER3 UNITY_COLORSPACE_GAMMA UNITY_LIGHTMAP_DLDR_ENCODING UNITY_LIGHTMAP_RGBM_ENCODING UNITY_VIRTUAL_TEXTURING UNITY_PRETRANSFORM_TO_DISPLAY_ORIENTATION UNITY_ASTC_NORMALMAP_ENCODING SHADER_API_GLES30 SHADER_API_GLES31 SHADER_API_GLES32 UNITY_UNIFIED_SHADER_PRECISION_MODEL flags=0 lang=3 type=Fragment platform=d3d11 reqs=1 mask=6 start=279
RunExternalCompiler: begin name=FXC
RunExternalCompiler: end
compileSnippet complete
 ok=1 outsize=322

Cmd: compileSnippet
  insize=2887 file=Packages/com.unity.render-pipelines.universal/Shaders/Particles/ParticlesSimpleLit.shader name=Universal Render Pipeline/Particles/Simple Lit pass=DepthNormals ppOnly=0 stripLineD=0 buildPlatform=19 rsLen=0 pKW=UNITY_ENABLE_REFLECTION_BUFFERS UNITY_USE_DITHER_MASK_FOR_ALPHABLENDED_SHADOWS UNITY_PBS_USE_BRDF1 UNITY_SPECCUBE_BOX_PROJECTION UNITY_SPECCUBE_BLENDING UNITY_ENABLE_DETAIL_NORMALMAP SHADER_API_DESKTOP UNITY_LIGHT_PROBE_PROXY_VOLUME UNITY_LIGHTMAP_FULL_HDR UNITY_PLATFORM_SUPPORTS_DEPTH_FETCH uKW= dKW=DOTS_INSTANCING_ON INSTANCING_ON PROCEDURAL_INSTANCING_ON _NORMALMAP _FLIPBOOKBLENDING_ON _ALPHATEST_ON UNITY_NO_DXT5nm UNITY_FRAMEBUFFER_FETCH_AVAILABLE UNITY_METAL_SHADOWS_USE_POINT_FILTERING UNITY_NO_SCREENSPACE_SHADOWS UNITY_PBS_USE_BRDF2 UNITY_PBS_USE_BRDF3 UNITY_HARDWARE_TIER1 UNITY_HARDWARE_TIER2 UNITY_HARDWARE_TIER3 UNITY_COLORSPACE_GAMMA UNITY_LIGHTMAP_DLDR_ENCODING UNITY_LIGHTMAP_RGBM_ENCODING UNITY_VIRTUAL_TEXTURING UNITY_PRETRANSFORM_TO_DISPLAY_ORIENTATION UNITY_ASTC_NORMALMAP_ENCODING SHADER_API_GLES30 SHADER_API_GLES31 SHADER_API_GLES32 UNITY_UNIFIED_SHADER_PRECISION_MODEL flags=0 lang=3 type=Vertex platform=d3d11 reqs=1 mask=6 start=309
RunExternalCompiler: begin name=FXC
RunExternalCompiler: end
compileSnippet complete
 ok=1 outsize=1182

Cmd: compileSnippet
  insize=1646 file=Packages/com.unity.render-pipelines.universal/Shaders/Particles/ParticlesSimpleLit.shader name=Universal Render Pipeline/Particles/Simple Lit pass=Universal2D ppOnly=0 stripLineD=0 buildPlatform=19 rsLen=0 pKW=UNITY_ENABLE_REFLECTION_BUFFERS UNITY_USE_DITHER_MASK_FOR_ALPHABLENDED_SHADOWS UNITY_PBS_USE_BRDF1 UNITY_SPECCUBE_BOX_PROJECTION UNITY_SPECCUBE_BLENDING UNITY_ENABLE_DETAIL_NORMALMAP SHADER_API_DESKTOP UNITY_LIGHT_PROBE_PROXY_VOLUME UNITY_LIGHTMAP_FULL_HDR UNITY_PLATFORM_SUPPORTS_DEPTH_FETCH uKW= dKW=_ALPHATEST_ON _ALPHAPREMULTIPLY_ON UNITY_NO_DXT5nm UNITY_FRAMEBUFFER_FETCH_AVAILABLE UNITY_METAL_SHADOWS_USE_POINT_FILTERING UNITY_NO_SCREENSPACE_SHADOWS UNITY_PBS_USE_BRDF2 UNITY_PBS_USE_BRDF3 UNITY_HARDWARE_TIER1 UNITY_HARDWARE_TIER2 UNITY_HARDWARE_TIER3 UNITY_COLORSPACE_GAMMA UNITY_LIGHTMAP_DLDR_ENCODING UNITY_LIGHTMAP_RGBM_ENCODING UNITY_VIRTUAL_TEXTURING UNITY_PRETRANSFORM_TO_DISPLAY_ORIENTATION UNITY_ASTC_NORMALMAP_ENCODING SHADER_API_GLES30 SHADER_API_GLES31 SHADER_API_GLES32 UNITY_UNIFIED_SHADER_PRECISION_MODEL flags=0 lang=3 type=Fragment platform=d3d11 reqs=1 mask=6 start=440
RunExternalCompiler: begin name=FXC
RunExternalCompiler: end
compileSnippet complete
 ok=1 outsize=414

Cmd: compileSnippet
  insize=2881 file=Packages/com.unity.render-pipelines.universal/Shaders/Particles/ParticlesLit.shader name=Universal Render Pipeline/Particles/Lit pass=DepthNormals ppOnly=0 stripLineD=0 buildPlatform=19 rsLen=0 pKW=UNITY_ENABLE_REFLECTION_BUFFERS UNITY_USE_DITHER_MASK_FOR_ALPHABLENDED_SHADOWS UNITY_PBS_USE_BRDF1 UNITY_SPECCUBE_BOX_PROJECTION UNITY_SPECCUBE_BLENDING UNITY_ENABLE_DETAIL_NORMALMAP SHADER_API_DESKTOP UNITY_LIGHT_PROBE_PROXY_VOLUME UNITY_LIGHTMAP_FULL_HDR UNITY_PLATFORM_SUPPORTS_DEPTH_FETCH uKW= dKW=DOTS_INSTANCING_ON INSTANCING_ON PROCEDURAL_INSTANCING_ON _NORMALMAP _FLIPBOOKBLENDING_ON _ALPHATEST_ON UNITY_NO_DXT5nm UNITY_FRAMEBUFFER_FETCH_AVAILABLE UNITY_METAL_SHADOWS_USE_POINT_FILTERING UNITY_NO_SCREENSPACE_SHADOWS UNITY_PBS_USE_BRDF2 UNITY_PBS_USE_BRDF3 UNITY_HARDWARE_TIER1 UNITY_HARDWARE_TIER2 UNITY_HARDWARE_TIER3 UNITY_COLORSPACE_GAMMA UNITY_LIGHTMAP_DLDR_ENCODING UNITY_LIGHTMAP_RGBM_ENCODING UNITY_VIRTUAL_TEXTURING UNITY_PRETRANSFORM_TO_DISPLAY_ORIENTATION UNITY_ASTC_NORMALMAP_ENCODING SHADER_API_GLES30 SHADER_API_GLES31 SHADER_API_GLES32 UNITY_UNIFIED_SHADER_PRECISION_MODEL flags=0 lang=3 type=Vertex platform=d3d11 reqs=1 mask=6 start=302
RunExternalCompiler: begin name=FXC
RunExternalCompiler: end
compileSnippet complete
 ok=1 outsize=1182

Cmd: compileSnippet
  insize=2495 file=Packages/com.unity.render-pipelines.universal/Shaders/Particles/ParticlesLit.shader name=Universal Render Pipeline/Particles/Lit pass=ScenePickingPass ppOnly=0 stripLineD=0 buildPlatform=19 rsLen=0 pKW=UNITY_ENABLE_REFLECTION_BUFFERS UNITY_USE_DITHER_MASK_FOR_ALPHABLENDED_SHADOWS UNITY_PBS_USE_BRDF1 UNITY_SPECCUBE_BOX_PROJECTION UNITY_SPECCUBE_BLENDING UNITY_ENABLE_DETAIL_NORMALMAP SHADER_API_DESKTOP UNITY_LIGHT_PROBE_PROXY_VOLUME UNITY_LIGHTMAP_FULL_HDR UNITY_PLATFORM_SUPPORTS_DEPTH_FETCH uKW= dKW=DOTS_INSTANCING_ON INSTANCING_ON PROCEDURAL_INSTANCING_ON _ALPHATEST_ON _FLIPBOOKBLENDING_ON UNITY_NO_DXT5nm UNITY_FRAMEBUFFER_FETCH_AVAILABLE UNITY_METAL_SHADOWS_USE_POINT_FILTERING UNITY_NO_SCREENSPACE_SHADOWS UNITY_PBS_USE_BRDF2 UNITY_PBS_USE_BRDF3 UNITY_HARDWARE_TIER1 UNITY_HARDWARE_TIER2 UNITY_HARDWARE_TIER3 UNITY_COLORSPACE_GAMMA UNITY_LIGHTMAP_DLDR_ENCODING UNITY_LIGHTMAP_RGBM_ENCODING UNITY_VIRTUAL_TEXTURING UNITY_PRETRANSFORM_TO_DISPLAY_ORIENTATION UNITY_ASTC_NORMALMAP_ENCODING SHADER_API_GLES30 SHADER_API_GLES31 SHADER_API_GLES32 UNITY_UNIFIED_SHADER_PRECISION_MODEL flags=0 lang=3 type=Fragment platform=d3d11 reqs=1 mask=6 start=391
RunExternalCompiler: begin name=FXC
RunExternalCompiler: end
compileSnippet complete
 ok=1 outsize=322

Cmd: compileSnippet
  insize=2074 file=Packages/com.unity.render-pipelines.universal/Shaders/Utils/ClusterDeferred.shader name=Hidden/Universal Render Pipeline/ClusterDeferred pass=Fog ppOnly=0 stripLineD=0 buildPlatform=19 rsLen=0 pKW=UNITY_ENABLE_REFLECTION_BUFFERS UNITY_USE_DITHER_MASK_FOR_ALPHABLENDED_SHADOWS UNITY_PBS_USE_BRDF1 UNITY_SPECCUBE_BOX_PROJECTION UNITY_SPECCUBE_BLENDING UNITY_ENABLE_DETAIL_NORMALMAP SHADER_API_DESKTOP UNITY_LIGHT_PROBE_PROXY_VOLUME UNITY_LIGHTMAP_FULL_HDR UNITY_PLATFORM_SUPPORTS_DEPTH_FETCH uKW= dKW=_RENDER_PASS_ENABLED FOG_LINEAR FOG_EXP FOG_EXP2 UNITY_NO_DXT5nm UNITY_FRAMEBUFFER_FETCH_AVAILABLE UNITY_METAL_SHADOWS_USE_POINT_FILTERING UNITY_NO_SCREENSPACE_SHADOWS UNITY_PBS_USE_BRDF2 UNITY_PBS_USE_BRDF3 UNITY_HARDWARE_TIER1 UNITY_HARDWARE_TIER2 UNITY_HARDWARE_TIER3 UNITY_COLORSPACE_GAMMA UNITY_LIGHTMAP_DLDR_ENCODING UNITY_LIGHTMAP_RGBM_ENCODING UNITY_VIRTUAL_TEXTURING UNITY_PRETRANSFORM_TO_DISPLAY_ORIENTATION UNITY_ASTC_NORMALMAP_ENCODING SHADER_API_GLES30 SHADER_API_GLES31 SHADER_API_GLES32 UNITY_UNIFIED_SHADER_PRECISION_MODEL flags=0 lang=3 type=Fragment platform=d3d11 reqs=1101803 mask=6 start=156
RunExternalCompiler: begin name=FXC
RunExternalCompiler: end
compileSnippet complete
 ok=1 outsize=282

Cmd: compileSnippet
  insize=1118 file=Packages/com.unity.render-pipelines.universal/Tests/Editor/CustomDepthBlit.shader name=Hidden/Core/CustomDepthBlit pass=Depth ppOnly=0 stripLineD=0 buildPlatform=19 rsLen=0 pKW=UNITY_ENABLE_REFLECTION_BUFFERS UNITY_USE_DITHER_MASK_FOR_ALPHABLENDED_SHADOWS UNITY_PBS_USE_BRDF1 UNITY_SPECCUBE_BOX_PROJECTION UNITY_SPECCUBE_BLENDING UNITY_ENABLE_DETAIL_NORMALMAP SHADER_API_DESKTOP UNITY_LIGHT_PROBE_PROXY_VOLUME UNITY_LIGHTMAP_FULL_HDR UNITY_PLATFORM_SUPPORTS_DEPTH_FETCH uKW= dKW=UNITY_NO_DXT5nm UNITY_FRAMEBUFFER_FETCH_AVAILABLE UNITY_METAL_SHADOWS_USE_POINT_FILTERING UNITY_NO_SCREENSPACE_SHADOWS UNITY_PBS_USE_BRDF2 UNITY_PBS_USE_BRDF3 UNITY_HARDWARE_TIER1 UNITY_HARDWARE_TIER2 UNITY_HARDWARE_TIER3 UNITY_COLORSPACE_GAMMA UNITY_LIGHTMAP_DLDR_ENCODING UNITY_LIGHTMAP_RGBM_ENCODING UNITY_VIRTUAL_TEXTURING UNITY_PRETRANSFORM_TO_DISPLAY_ORIENTATION UNITY_ASTC_NORMALMAP_ENCODING SHADER_API_GLES30 SHADER_API_GLES31 SHADER_API_GLES32 UNITY_UNIFIED_SHADER_PRECISION_MODEL flags=0 lang=3 type=Vertex platform=d3d11 reqs=33 mask=6 start=29
RunExternalCompiler: begin name=FXC
RunExternalCompiler: end
compileSnippet complete
 ok=1 outsize=582

Cmd: compileSnippet
  insize=11321 file=Packages/com.unity.render-pipelines.universal/Shaders/PostProcessing/LutBuilderHdr.shader name=Hidden/Universal Render Pipeline/LutBuilderHdr pass=LutBuilderHdr ppOnly=0 stripLineD=0 buildPlatform=19 rsLen=0 pKW=UNITY_ENABLE_REFLECTION_BUFFERS UNITY_USE_DITHER_MASK_FOR_ALPHABLENDED_SHADOWS UNITY_PBS_USE_BRDF1 UNITY_SPECCUBE_BOX_PROJECTION UNITY_SPECCUBE_BLENDING UNITY_ENABLE_DETAIL_NORMALMAP SHADER_API_DESKTOP UNITY_LIGHT_PROBE_PROXY_VOLUME UNITY_LIGHTMAP_FULL_HDR UNITY_PLATFORM_SUPPORTS_DEPTH_FETCH uKW= dKW=_TONEMAP_ACES _TONEMAP_NEUTRAL UNITY_NO_DXT5nm UNITY_FRAMEBUFFER_FETCH_AVAILABLE UNITY_METAL_SHADOWS_USE_POINT_FILTERING UNITY_NO_SCREENSPACE_SHADOWS UNITY_PBS_USE_BRDF2 UNITY_PBS_USE_BRDF3 UNITY_HARDWARE_TIER1 UNITY_HARDWARE_TIER2 UNITY_HARDWARE_TIER3 UNITY_COLORSPACE_GAMMA UNITY_LIGHTMAP_DLDR_ENCODING UNITY_LIGHTMAP_RGBM_ENCODING UNITY_VIRTUAL_TEXTURING UNITY_PRETRANSFORM_TO_DISPLAY_ORIENTATION UNITY_ASTC_NORMALMAP_ENCODING SHADER_API_GLES30 SHADER_API_GLES31 SHADER_API_GLES32 UNITY_UNIFIED_SHADER_PRECISION_MODEL flags=0 lang=3 type=Vertex platform=d3d11 reqs=33 mask=6 start=255
RunExternalCompiler: begin name=FXC
RunExternalCompiler: end
compileSnippet complete
 ok=1 outsize=582

Cmd: compileSnippet
  insize=1249 file=Packages/com.unity.render-pipelines.universal/Shaders/Utils/ScreenSpaceAmbientOcclusion.shader name=Hidden/Universal Render Pipeline/ScreenSpaceAmbientOcclusion pass=SSAO_Bilateral_HorizontalBlur ppOnly=0 stripLineD=0 buildPlatform=19 rsLen=0 pKW=UNITY_ENABLE_REFLECTION_BUFFERS UNITY_USE_DITHER_MASK_FOR_ALPHABLENDED_SHADOWS UNITY_PBS_USE_BRDF1 UNITY_SPECCUBE_BOX_PROJECTION UNITY_SPECCUBE_BLENDING UNITY_ENABLE_DETAIL_NORMALMAP SHADER_API_DESKTOP UNITY_LIGHT_PROBE_PROXY_VOLUME UNITY_LIGHTMAP_FULL_HDR UNITY_PLATFORM_SUPPORTS_DEPTH_FETCH uKW= dKW=UNITY_NO_DXT5nm UNITY_FRAMEBUFFER_FETCH_AVAILABLE UNITY_METAL_SHADOWS_USE_POINT_FILTERING UNITY_NO_SCREENSPACE_SHADOWS UNITY_PBS_USE_BRDF2 UNITY_PBS_USE_BRDF3 UNITY_HARDWARE_TIER1 UNITY_HARDWARE_TIER2 UNITY_HARDWARE_TIER3 UNITY_COLORSPACE_GAMMA UNITY_LIGHTMAP_DLDR_ENCODING UNITY_LIGHTMAP_RGBM_ENCODING UNITY_VIRTUAL_TEXTURING UNITY_PRETRANSFORM_TO_DISPLAY_ORIENTATION UNITY_ASTC_NORMALMAP_ENCODING SHADER_API_GLES30 SHADER_API_GLES31 SHADER_API_GLES32 UNITY_UNIFIED_SHADER_PRECISION_MODEL flags=0 lang=3 type=Vertex platform=d3d11 reqs=33 mask=6 start=56
RunExternalCompiler: begin name=FXC
RunExternalCompiler: end
compileSnippet complete
 ok=1 outsize=582

Cmd: compileSnippet
  insize=1247 file=Packages/com.unity.render-pipelines.universal/Shaders/Utils/ScreenSpaceAmbientOcclusion.shader name=Hidden/Universal Render Pipeline/ScreenSpaceAmbientOcclusion pass=SSAO_Bilateral_VerticalBlur ppOnly=0 stripLineD=0 buildPlatform=19 rsLen=0 pKW=UNITY_ENABLE_REFLECTION_BUFFERS UNITY_USE_DITHER_MASK_FOR_ALPHABLENDED_SHADOWS UNITY_PBS_USE_BRDF1 UNITY_SPECCUBE_BOX_PROJECTION UNITY_SPECCUBE_BLENDING UNITY_ENABLE_DETAIL_NORMALMAP SHADER_API_DESKTOP UNITY_LIGHT_PROBE_PROXY_VOLUME UNITY_LIGHTMAP_FULL_HDR UNITY_PLATFORM_SUPPORTS_DEPTH_FETCH uKW= dKW=UNITY_NO_DXT5nm UNITY_FRAMEBUFFER_FETCH_AVAILABLE UNITY_METAL_SHADOWS_USE_POINT_FILTERING UNITY_NO_SCREENSPACE_SHADOWS UNITY_PBS_USE_BRDF2 UNITY_PBS_USE_BRDF3 UNITY_HARDWARE_TIER1 UNITY_HARDWARE_TIER2 UNITY_HARDWARE_TIER3 UNITY_COLORSPACE_GAMMA UNITY_LIGHTMAP_DLDR_ENCODING UNITY_LIGHTMAP_RGBM_ENCODING UNITY_VIRTUAL_TEXTURING UNITY_PRETRANSFORM_TO_DISPLAY_ORIENTATION UNITY_ASTC_NORMALMAP_ENCODING SHADER_API_GLES30 SHADER_API_GLES31 SHADER_API_GLES32 UNITY_UNIFIED_SHADER_PRECISION_MODEL flags=0 lang=3 type=Fragment platform=d3d11 reqs=33 mask=6 start=69
RunExternalCompiler: begin name=FXC
RunExternalCompiler: end
compileSnippet complete
 ok=1 outsize=2314

Cmd: compileSnippet
  insize=1257 file=Packages/com.unity.render-pipelines.universal/Shaders/Utils/ScreenSpaceAmbientOcclusion.shader name=Hidden/Universal Render Pipeline/ScreenSpaceAmbientOcclusion pass=SSAO_Gaussian_VerticalBlur ppOnly=0 stripLineD=0 buildPlatform=19 rsLen=0 pKW=UNITY_ENABLE_REFLECTION_BUFFERS UNITY_USE_DITHER_MASK_FOR_ALPHABLENDED_SHADOWS UNITY_PBS_USE_BRDF1 UNITY_SPECCUBE_BOX_PROJECTION UNITY_SPECCUBE_BLENDING UNITY_ENABLE_DETAIL_NORMALMAP SHADER_API_DESKTOP UNITY_LIGHT_PROBE_PROXY_VOLUME UNITY_LIGHTMAP_FULL_HDR UNITY_PLATFORM_SUPPORTS_DEPTH_FETCH uKW= dKW=UNITY_NO_DXT5nm UNITY_FRAMEBUFFER_FETCH_AVAILABLE UNITY_METAL_SHADOWS_USE_POINT_FILTERING UNITY_NO_SCREENSPACE_SHADOWS UNITY_PBS_USE_BRDF2 UNITY_PBS_USE_BRDF3 UNITY_HARDWARE_TIER1 UNITY_HARDWARE_TIER2 UNITY_HARDWARE_TIER3 UNITY_COLORSPACE_GAMMA UNITY_LIGHTMAP_DLDR_ENCODING UNITY_LIGHTMAP_RGBM_ENCODING UNITY_VIRTUAL_TEXTURING UNITY_PRETRANSFORM_TO_DISPLAY_ORIENTATION UNITY_ASTC_NORMALMAP_ENCODING SHADER_API_GLES30 SHADER_API_GLES31 SHADER_API_GLES32 UNITY_UNIFIED_SHADER_PRECISION_MODEL flags=0 lang=3 type=Vertex platform=d3d11 reqs=33 mask=6 start=139
RunExternalCompiler: begin name=FXC
RunExternalCompiler: end
compileSnippet complete
 ok=1 outsize=582

Cmd: compileSnippet
  insize=1473 file=Packages/com.unity.render-pipelines.universal/Shaders/Utils/ScreenSpaceAmbientOcclusion.shader name=Hidden/Universal Render Pipeline/ScreenSpaceAmbientOcclusion pass=SSAO_Kawase_AfterOpaque ppOnly=0 stripLineD=0 buildPlatform=19 rsLen=0 pKW=UNITY_ENABLE_REFLECTION_BUFFERS UNITY_USE_DITHER_MASK_FOR_ALPHABLENDED_SHADOWS UNITY_PBS_USE_BRDF1 UNITY_SPECCUBE_BOX_PROJECTION UNITY_SPECCUBE_BLENDING UNITY_ENABLE_DETAIL_NORMALMAP SHADER_API_DESKTOP UNITY_LIGHT_PROBE_PROXY_VOLUME UNITY_LIGHTMAP_FULL_HDR UNITY_PLATFORM_SUPPORTS_DEPTH_FETCH uKW= dKW=UNITY_NO_DXT5nm UNITY_FRAMEBUFFER_FETCH_AVAILABLE UNITY_METAL_SHADOWS_USE_POINT_FILTERING UNITY_NO_SCREENSPACE_SHADOWS UNITY_PBS_USE_BRDF2 UNITY_PBS_USE_BRDF3 UNITY_HARDWARE_TIER1 UNITY_HARDWARE_TIER2 UNITY_HARDWARE_TIER3 UNITY_COLORSPACE_GAMMA UNITY_LIGHTMAP_DLDR_ENCODING UNITY_LIGHTMAP_RGBM_ENCODING UNITY_VIRTUAL_TEXTURING UNITY_PRETRANSFORM_TO_DISPLAY_ORIENTATION UNITY_ASTC_NORMALMAP_ENCODING SHADER_API_GLES30 SHADER_API_GLES31 SHADER_API_GLES32 UNITY_UNIFIED_SHADER_PRECISION_MODEL flags=0 lang=3 type=Vertex platform=d3d11 reqs=33 mask=6 start=202
RunExternalCompiler: begin name=FXC
RunExternalCompiler: end
compileSnippet complete
 ok=1 outsize=582

Cmd: compileSnippet
  insize=10818 file=Packages/com.unity.render-pipelines.universal/Runtime/RendererFeatures/OnTileUberPost.shader name=OnTileUberPost pass=OnTileUberPostMSSoftware ppOnly=0 stripLineD=0 buildPlatform=19 rsLen=0 pKW=UNITY_ENABLE_REFLECTION_BUFFERS UNITY_USE_DITHER_MASK_FOR_ALPHABLENDED_SHADOWS UNITY_PBS_USE_BRDF1 UNITY_SPECCUBE_BOX_PROJECTION UNITY_SPECCUBE_BLENDING UNITY_ENABLE_DETAIL_NORMALMAP SHADER_API_DESKTOP UNITY_LIGHT_PROBE_PROXY_VOLUME UNITY_LIGHTMAP_FULL_HDR UNITY_PLATFORM_SUPPORTS_DEPTH_FETCH uKW= dKW=_MSAA_2 _MSAA_4 _HDR_GRADING _TONEMAP_ACES _TONEMAP_NEUTRAL _FILM_GRAIN _DITHERING _GAMMA_20 _LINEAR_TO_SRGB_CONVERSION _USE_FAST_SRGB_LINEAR_CONVERSION _ENABLE_ALPHA_OUTPUT UNITY_NO_DXT5nm UNITY_FRAMEBUFFER_FETCH_AVAILABLE UNITY_METAL_SHADOWS_USE_POINT_FILTERING UNITY_NO_SCREENSPACE_SHADOWS UNITY_PBS_USE_BRDF2 UNITY_PBS_USE_BRDF3 UNITY_HARDWARE_TIER1 UNITY_HARDWARE_TIER2 UNITY_HARDWARE_TIER3 UNITY_COLORSPACE_GAMMA UNITY_LIGHTMAP_DLDR_ENCODING UNITY_LIGHTMAP_RGBM_ENCODING UNITY_VIRTUAL_TEXTURING UNITY_PRETRANSFORM_TO_DISPLAY_ORIENTATION UNITY_ASTC_NORMALMAP_ENCODING SHADER_API_GLES30 SHADER_API_GLES31 SHADER_API_GLES32 UNITY_UNIFIED_SHADER_PRECISION_MODEL flags=0 lang=3 type=Fragment platform=d3d11 reqs=1101803 mask=6 start=205
RunExternalCompiler: begin name=FXC
RunExternalCompiler: end
compileSnippet complete
 ok=1 outsize=2530

Cmd: compileSnippet
  insize=8768 file=Packages/com.unity.render-pipelines.universal/Runtime/RendererFeatures/OnTileUberPost.shader name=OnTileUberPost pass=OnTileUberPostTextureSampleVisMesh ppOnly=0 stripLineD=0 buildPlatform=19 rsLen=0 pKW=UNITY_ENABLE_REFLECTION_BUFFERS UNITY_USE_DITHER_MASK_FOR_ALPHABLENDED_SHADOWS UNITY_PBS_USE_BRDF1 UNITY_SPECCUBE_BOX_PROJECTION UNITY_SPECCUBE_BLENDING UNITY_ENABLE_DETAIL_NORMALMAP SHADER_API_DESKTOP UNITY_LIGHT_PROBE_PROXY_VOLUME UNITY_LIGHTMAP_FULL_HDR UNITY_PLATFORM_SUPPORTS_DEPTH_FETCH uKW= dKW=_HDR_GRADING _TONEMAP_ACES _TONEMAP_NEUTRAL _FILM_GRAIN _DITHERING _GAMMA_20 _LINEAR_TO_SRGB_CONVERSION _USE_FAST_SRGB_LINEAR_CONVERSION _ENABLE_ALPHA_OUTPUT UNITY_NO_DXT5nm UNITY_FRAMEBUFFER_FETCH_AVAILABLE UNITY_METAL_SHADOWS_USE_POINT_FILTERING UNITY_NO_SCREENSPACE_SHADOWS UNITY_PBS_USE_BRDF2 UNITY_PBS_USE_BRDF3 UNITY_HARDWARE_TIER1 UNITY_HARDWARE_TIER2 UNITY_HARDWARE_TIER3 UNITY_COLORSPACE_GAMMA UNITY_LIGHTMAP_DLDR_ENCODING UNITY_LIGHTMAP_RGBM_ENCODING UNITY_VIRTUAL_TEXTURING UNITY_PRETRANSFORM_TO_DISPLAY_ORIENTATION UNITY_ASTC_NORMALMAP_ENCODING SHADER_API_GLES30 SHADER_API_GLES31 SHADER_API_GLES32 UNITY_UNIFIED_SHADER_PRECISION_MODEL flags=0 lang=3 type=Fragment platform=d3d11 reqs=1101803 mask=6 start=355
RunExternalCompiler: begin name=FXC
RunExternalCompiler: end
compileSnippet complete
 ok=1 outsize=2474

Cmd: compileSnippet
  insize=3476 file=Packages/com.unity.render-pipelines.universal/Shaders/Terrain/WavingGrassBillboard.shader name=Hidden/TerrainEngine/Details/UniversalPipeline/BillboardWavingDoublePass pass=GBuffer ppOnly=0 stripLineD=0 buildPlatform=19 rsLen=0 pKW=UNITY_ENABLE_REFLECTION_BUFFERS UNITY_USE_DITHER_MASK_FOR_ALPHABLENDED_SHADOWS UNITY_PBS_USE_BRDF1 UNITY_SPECCUBE_BOX_PROJECTION UNITY_SPECCUBE_BLENDING UNITY_ENABLE_DETAIL_NORMALMAP SHADER_API_DESKTOP UNITY_LIGHT_PROBE_PROXY_VOLUME UNITY_LIGHTMAP_FULL_HDR UNITY_PLATFORM_SUPPORTS_DEPTH_FETCH uKW= dKW=_SHADOWS_SOFT _SHADOWS_SOFT_LOW _SHADOWS_SOFT_MEDIUM _SHADOWS_SOFT_HIGH _RENDER_PASS_ENABLED _GBUFFER_NORMALS_OCT _SCREEN_SPACE_IRRADIANCE _MAIN_LIGHT_SHADOWS _MAIN_LIGHT_SHADOWS_CASCADE _MAIN_LIGHT_SHADOWS_SCREEN SHADOWS_SHADOWMASK LIGHTMAP_SHADOW_MIXING INSTANCING_ON UNITY_NO_DXT5nm UNITY_FRAMEBUFFER_FETCH_AVAILABLE UNITY_METAL_SHADOWS_USE_POINT_FILTERING UNITY_NO_SCREENSPACE_SHADOWS UNITY_PBS_USE_BRDF2 UNITY_PBS_USE_BRDF3 UNITY_HARDWARE_TIER1 UNITY_HARDWARE_TIER2 UNITY_HARDWARE_TIER3 UNITY_COLORSPACE_GAMMA UNITY_LIGHTMAP_DLDR_ENCODING UNITY_LIGHTMAP_RGBM_ENCODING UNITY_VIRTUAL_TEXTURING UNITY_PRETRANSFORM_TO_DISPLAY_ORIENTATION UNITY_ASTC_NORMALMAP_ENCODING SHADER_API_GLES30 SHADER_API_GLES31 SHADER_API_GLES32 UNITY_UNIFIED_SHADER_PRECISION_MODEL flags=0 lang=3 type=Fragment platform=d3d11 reqs=1101803 mask=6 start=79
RunExternalCompiler: begin name=FXC
RunExternalCompiler: end
compileSnippet complete
 ok=1 outsize=1834

Cmd: compileSnippet
  insize=1411 file=Packages/com.unity.render-pipelines.universal/Shaders/Terrain/WavingGrassBillboard.shader name=Hidden/TerrainEngine/Details/UniversalPipeline/BillboardWavingDoublePass pass=DepthNormals ppOnly=0 stripLineD=0 buildPlatform=19 rsLen=0 pKW=UNITY_ENABLE_REFLECTION_BUFFERS UNITY_USE_DITHER_MASK_FOR_ALPHABLENDED_SHADOWS UNITY_PBS_USE_BRDF1 UNITY_SPECCUBE_BOX_PROJECTION UNITY_SPECCUBE_BLENDING UNITY_ENABLE_DETAIL_NORMALMAP SHADER_API_DESKTOP UNITY_LIGHT_PROBE_PROXY_VOLUME UNITY_LIGHTMAP_FULL_HDR UNITY_PLATFORM_SUPPORTS_DEPTH_FETCH uKW= dKW=INSTANCING_ON _GLOSSINESS_FROM_BASE_ALPHA UNITY_NO_DXT5nm UNITY_FRAMEBUFFER_FETCH_AVAILABLE UNITY_METAL_SHADOWS_USE_POINT_FILTERING UNITY_NO_SCREENSPACE_SHADOWS UNITY_PBS_USE_BRDF2 UNITY_PBS_USE_BRDF3 UNITY_HARDWARE_TIER1 UNITY_HARDWARE_TIER2 UNITY_HARDWARE_TIER3 UNITY_COLORSPACE_GAMMA UNITY_LIGHTMAP_DLDR_ENCODING UNITY_LIGHTMAP_RGBM_ENCODING UNITY_VIRTUAL_TEXTURING UNITY_PRETRANSFORM_TO_DISPLAY_ORIENTATION UNITY_ASTC_NORMALMAP_ENCODING SHADER_API_GLES30 SHADER_API_GLES31 SHADER_API_GLES32 UNITY_UNIFIED_SHADER_PRECISION_MODEL flags=0 lang=3 type=Fragment platform=d3d11 reqs=1 mask=6 start=152
RunExternalCompiler: begin name=FXC
RunExternalCompiler: end
compileSnippet complete
 ok=1 outsize=1098

Cmd: compileSnippet
  insize=8407 file=Packages/com.unity.render-pipelines.universal/Shaders/PostProcessing/GaussianDepthOfField.shader name=Hidden/Universal Render Pipeline/GaussianDepthOfField pass=Gaussian Depth Of Field CoC ppOnly=0 stripLineD=0 buildPlatform=19 rsLen=0 pKW=UNITY_ENABLE_REFLECTION_BUFFERS UNITY_USE_DITHER_MASK_FOR_ALPHABLENDED_SHADOWS UNITY_PBS_USE_BRDF1 UNITY_SPECCUBE_BOX_PROJECTION UNITY_SPECCUBE_BLENDING UNITY_ENABLE_DETAIL_NORMALMAP SHADER_API_DESKTOP UNITY_LIGHT_PROBE_PROXY_VOLUME UNITY_LIGHTMAP_FULL_HDR UNITY_PLATFORM_SUPPORTS_DEPTH_FETCH uKW= dKW=UNITY_NO_DXT5nm UNITY_FRAMEBUFFER_FETCH_AVAILABLE UNITY_METAL_SHADOWS_USE_POINT_FILTERING UNITY_NO_SCREENSPACE_SHADOWS UNITY_PBS_USE_BRDF2 UNITY_PBS_USE_BRDF3 UNITY_HARDWARE_TIER1 UNITY_HARDWARE_TIER2 UNITY_HARDWARE_TIER3 UNITY_COLORSPACE_GAMMA UNITY_LIGHTMAP_DLDR_ENCODING UNITY_LIGHTMAP_RGBM_ENCODING UNITY_VIRTUAL_TEXTURING UNITY_PRETRANSFORM_TO_DISPLAY_ORIENTATION UNITY_ASTC_NORMALMAP_ENCODING SHADER_API_GLES30 SHADER_API_GLES31 SHADER_API_GLES32 UNITY_UNIFIED_SHADER_PRECISION_MODEL flags=0 lang=3 type=Vertex platform=d3d11 reqs=4075 mask=6 start=237
RunExternalCompiler: begin name=FXC
RunExternalCompiler: end
compileSnippet complete
 ok=1 outsize=582

Cmd: compileSnippet
  insize=8577 file=Packages/com.unity.render-pipelines.universal/Shaders/PostProcessing/GaussianDepthOfField.shader name=Hidden/Universal Render Pipeline/GaussianDepthOfField pass=Gaussian Depth Of Field Blur Horizontal ppOnly=0 stripLineD=0 buildPlatform=19 rsLen=0 pKW=UNITY_ENABLE_REFLECTION_BUFFERS UNITY_USE_DITHER_MASK_FOR_ALPHABLENDED_SHADOWS UNITY_PBS_USE_BRDF1 UNITY_SPECCUBE_BOX_PROJECTION UNITY_SPECCUBE_BLENDING UNITY_ENABLE_DETAIL_NORMALMAP SHADER_API_DESKTOP UNITY_LIGHT_PROBE_PROXY_VOLUME UNITY_LIGHTMAP_FULL_HDR UNITY_PLATFORM_SUPPORTS_DEPTH_FETCH uKW= dKW=_ENABLE_ALPHA_OUTPUT UNITY_NO_DXT5nm UNITY_FRAMEBUFFER_FETCH_AVAILABLE UNITY_METAL_SHADOWS_USE_POINT_FILTERING UNITY_NO_SCREENSPACE_SHADOWS UNITY_PBS_USE_BRDF2 UNITY_PBS_USE_BRDF3 UNITY_HARDWARE_TIER1 UNITY_HARDWARE_TIER2 UNITY_HARDWARE_TIER3 UNITY_COLORSPACE_GAMMA UNITY_LIGHTMAP_DLDR_ENCODING UNITY_LIGHTMAP_RGBM_ENCODING UNITY_VIRTUAL_TEXTURING UNITY_PRETRANSFORM_TO_DISPLAY_ORIENTATION UNITY_ASTC_NORMALMAP_ENCODING SHADER_API_GLES30 SHADER_API_GLES31 SHADER_API_GLES32 UNITY_UNIFIED_SHADER_PRECISION_MODEL flags=0 lang=3 type=Fragment platform=d3d11 reqs=4075 mask=6 start=259
RunExternalCompiler: begin name=FXC
RunExternalCompiler: end
compileSnippet complete
 ok=1 outsize=1474

Cmd: compileSnippet
  insize=3834 file=Packages/com.unity.render-pipelines.universal/Shaders/Utils/BlitHDROverlay.shader name=Hidden/Universal/BlitHDROverlay pass=BilinearDebugDraw ppOnly=0 stripLineD=0 buildPlatform=19 rsLen=0 pKW=UNITY_ENABLE_REFLECTION_BUFFERS UNITY_USE_DITHER_MASK_FOR_ALPHABLENDED_SHADOWS UNITY_PBS_USE_BRDF1 UNITY_SPECCUBE_BOX_PROJECTION UNITY_SPECCUBE_BLENDING UNITY_ENABLE_DETAIL_NORMALMAP SHADER_API_DESKTOP UNITY_LIGHT_PROBE_PROXY_VOLUME UNITY_LIGHTMAP_FULL_HDR UNITY_PLATFORM_SUPPORTS_DEPTH_FETCH uKW= dKW=UNITY_NO_DXT5nm UNITY_FRAMEBUFFER_FETCH_AVAILABLE UNITY_METAL_SHADOWS_USE_POINT_FILTERING UNITY_NO_SCREENSPACE_SHADOWS UNITY_PBS_USE_BRDF2 UNITY_PBS_USE_BRDF3 UNITY_HARDWARE_TIER1 UNITY_HARDWARE_TIER2 UNITY_HARDWARE_TIER3 UNITY_COLORSPACE_GAMMA UNITY_LIGHTMAP_DLDR_ENCODING UNITY_LIGHTMAP_RGBM_ENCODING UNITY_VIRTUAL_TEXTURING UNITY_PRETRANSFORM_TO_DISPLAY_ORIENTATION UNITY_ASTC_NORMALMAP_ENCODING SHADER_API_GLES30 SHADER_API_GLES31 SHADER_API_GLES32 UNITY_UNIFIED_SHADER_PRECISION_MODEL flags=0 lang=3 type=Vertex platform=d3d11 reqs=1 mask=6 start=83
RunExternalCompiler: begin name=FXC
RunExternalCompiler: end
compileSnippet complete
 ok=1 outsize=582

Cmd: compileSnippet
  insize=1431 file=Packages/com.unity.render-pipelines.universal/Shaders/2D/RenderAs2D-Flattening.shader name=2D/RenderAs2D-Flattening pass=<Unnamed Pass 2> ppOnly=0 stripLineD=0 buildPlatform=19 rsLen=0 pKW=UNITY_ENABLE_REFLECTION_BUFFERS UNITY_USE_DITHER_MASK_FOR_ALPHABLENDED_SHADOWS UNITY_PBS_USE_BRDF1 UNITY_SPECCUBE_BOX_PROJECTION UNITY_SPECCUBE_BLENDING UNITY_ENABLE_DETAIL_NORMALMAP SHADER_API_DESKTOP UNITY_LIGHT_PROBE_PROXY_VOLUME UNITY_LIGHTMAP_FULL_HDR UNITY_PLATFORM_SUPPORTS_DEPTH_FETCH uKW= dKW=UNITY_NO_DXT5nm UNITY_FRAMEBUFFER_FETCH_AVAILABLE UNITY_METAL_SHADOWS_USE_POINT_FILTERING UNITY_NO_SCREENSPACE_SHADOWS UNITY_PBS_USE_BRDF2 UNITY_PBS_USE_BRDF3 UNITY_HARDWARE_TIER1 UNITY_HARDWARE_TIER2 UNITY_HARDWARE_TIER3 UNITY_COLORSPACE_GAMMA UNITY_LIGHTMAP_DLDR_ENCODING UNITY_LIGHTMAP_RGBM_ENCODING UNITY_VIRTUAL_TEXTURING UNITY_PRETRANSFORM_TO_DISPLAY_ORIENTATION UNITY_ASTC_NORMALMAP_ENCODING SHADER_API_GLES30 SHADER_API_GLES31 SHADER_API_GLES32 UNITY_UNIFIED_SHADER_PRECISION_MODEL flags=0 lang=3 type=Vertex platform=d3d11 reqs=33 mask=6 start=146
RunExternalCompiler: begin name=FXC
RunExternalCompiler: end
compileSnippet complete
 ok=1 outsize=570

Cmd: compileSnippet
  insize=2364 file=Packages/com.unity.render-pipelines.universal/Shaders/2D/Sprite-Lit-Default.shader name=Universal Render Pipeline/2D/Sprite-Lit-Default pass=<Unnamed Pass 2> ppOnly=0 stripLineD=0 buildPlatform=19 rsLen=0 pKW=UNITY_ENABLE_REFLECTION_BUFFERS UNITY_USE_DITHER_MASK_FOR_ALPHABLENDED_SHADOWS UNITY_PBS_USE_BRDF1 UNITY_SPECCUBE_BOX_PROJECTION UNITY_SPECCUBE_BLENDING UNITY_ENABLE_DETAIL_NORMALMAP SHADER_API_DESKTOP UNITY_LIGHT_PROBE_PROXY_VOLUME UNITY_LIGHTMAP_FULL_HDR UNITY_PLATFORM_SUPPORTS_DEPTH_FETCH uKW= dKW=DEBUG_DISPLAY SKINNED_SPRITE INSTANCING_ON UNITY_NO_DXT5nm UNITY_FRAMEBUFFER_FETCH_AVAILABLE UNITY_METAL_SHADOWS_USE_POINT_FILTERING UNITY_NO_SCREENSPACE_SHADOWS UNITY_PBS_USE_BRDF2 UNITY_PBS_USE_BRDF3 UNITY_HARDWARE_TIER1 UNITY_HARDWARE_TIER2 UNITY_HARDWARE_TIER3 UNITY_COLORSPACE_GAMMA UNITY_LIGHTMAP_DLDR_ENCODING UNITY_LIGHTMAP_RGBM_ENCODING UNITY_VIRTUAL_TEXTURING UNITY_PRETRANSFORM_TO_DISPLAY_ORIENTATION UNITY_ASTC_NORMALMAP_ENCODING SHADER_API_GLES30 SHADER_API_GLES31 SHADER_API_GLES32 UNITY_UNIFIED_SHADER_PRECISION_MODEL flags=0 lang=3 type=Vertex platform=d3d11 reqs=33 mask=6 start=141
RunExternalCompiler: begin name=FXC
RunExternalCompiler: end
compileSnippet complete
 ok=1 outsize=906

Cmd: compileSnippet
  insize=5864 file=Packages/com.unity.render-pipelines.universal/Shaders/PostProcessing/CameraMotionBlur.shader name=Hidden/Universal Render Pipeline/CameraMotionBlur pass=Camera Motion Blur - Medium Quality ppOnly=0 stripLineD=0 buildPlatform=19 rsLen=0 pKW=UNITY_ENABLE_REFLECTION_BUFFERS UNITY_USE_DITHER_MASK_FOR_ALPHABLENDED_SHADOWS UNITY_PBS_USE_BRDF1 UNITY_SPECCUBE_BOX_PROJECTION UNITY_SPECCUBE_BLENDING UNITY_ENABLE_DETAIL_NORMALMAP SHADER_API_DESKTOP UNITY_LIGHT_PROBE_PROXY_VOLUME UNITY_LIGHTMAP_FULL_HDR UNITY_PLATFORM_SUPPORTS_DEPTH_FETCH uKW= dKW=_ENABLE_ALPHA_OUTPUT UNITY_NO_DXT5nm UNITY_FRAMEBUFFER_FETCH_AVAILABLE UNITY_METAL_SHADOWS_USE_POINT_FILTERING UNITY_NO_SCREENSPACE_SHADOWS UNITY_PBS_USE_BRDF2 UNITY_PBS_USE_BRDF3 UNITY_HARDWARE_TIER1 UNITY_HARDWARE_TIER2 UNITY_HARDWARE_TIER3 UNITY_COLORSPACE_GAMMA UNITY_LIGHTMAP_DLDR_ENCODING UNITY_LIGHTMAP_RGBM_ENCODING UNITY_VIRTUAL_TEXTURING UNITY_PRETRANSFORM_TO_DISPLAY_ORIENTATION UNITY_ASTC_NORMALMAP_ENCODING SHADER_API_GLES30 SHADER_API_GLES31 SHADER_API_GLES32 UNITY_UNIFIED_SHADER_PRECISION_MODEL flags=0 lang=3 type=Fragment platform=d3d11 reqs=33 mask=6 start=162
RunExternalCompiler: begin name=FXC
RunExternalCompiler: end
compileSnippet complete
 ok=1 outsize=2446

Cmd: compileSnippet
  insize=5864 file=Packages/com.unity.render-pipelines.universal/Shaders/PostProcessing/CameraMotionBlur.shader name=Hidden/Universal Render Pipeline/CameraMotionBlur pass=Camera And Object Motion Blur - Medium Quality ppOnly=0 stripLineD=0 buildPlatform=19 rsLen=0 pKW=UNITY_ENABLE_REFLECTION_BUFFERS UNITY_USE_DITHER_MASK_FOR_ALPHABLENDED_SHADOWS UNITY_PBS_USE_BRDF1 UNITY_SPECCUBE_BOX_PROJECTION UNITY_SPECCUBE_BLENDING UNITY_ENABLE_DETAIL_NORMALMAP SHADER_API_DESKTOP UNITY_LIGHT_PROBE_PROXY_VOLUME UNITY_LIGHTMAP_FULL_HDR UNITY_PLATFORM_SUPPORTS_DEPTH_FETCH uKW= dKW=_ENABLE_ALPHA_OUTPUT UNITY_NO_DXT5nm UNITY_FRAMEBUFFER_FETCH_AVAILABLE UNITY_METAL_SHADOWS_USE_POINT_FILTERING UNITY_NO_SCREENSPACE_SHADOWS UNITY_PBS_USE_BRDF2 UNITY_PBS_USE_BRDF3 UNITY_HARDWARE_TIER1 UNITY_HARDWARE_TIER2 UNITY_HARDWARE_TIER3 UNITY_COLORSPACE_GAMMA UNITY_LIGHTMAP_DLDR_ENCODING UNITY_LIGHTMAP_RGBM_ENCODING UNITY_VIRTUAL_TEXTURING UNITY_PRETRANSFORM_TO_DISPLAY_ORIENTATION UNITY_ASTC_NORMALMAP_ENCODING SHADER_API_GLES30 SHADER_API_GLES31 SHADER_API_GLES32 UNITY_UNIFIED_SHADER_PRECISION_MODEL flags=0 lang=3 type=Fragment platform=d3d11 reqs=33 mask=6 start=204
RunExternalCompiler: begin name=FXC
RunExternalCompiler: end
compileSnippet complete
 ok=1 outsize=1430

Cmd: compileSnippet
  insize=1702 file=Packages/com.unity.render-pipelines.universal/Shaders/2D/Shadow2D-Unshadow-Sprite.shader name=Hidden/Shadow2DUnshadowSprite pass=Sprite Unshadow (B) - Stencil: Ref 0, Comp Always, Pass Replace ppOnly=0 stripLineD=0 buildPlatform=19 rsLen=0 pKW=UNITY_ENABLE_REFLECTION_BUFFERS UNITY_USE_DITHER_MASK_FOR_ALPHABLENDED_SHADOWS UNITY_PBS_USE_BRDF1 UNITY_SPECCUBE_BOX_PROJECTION UNITY_SPECCUBE_BLENDING UNITY_ENABLE_DETAIL_NORMALMAP SHADER_API_DESKTOP UNITY_LIGHT_PROBE_PROXY_VOLUME UNITY_LIGHTMAP_FULL_HDR UNITY_PLATFORM_SUPPORTS_DEPTH_FETCH uKW= dKW=UNITY_NO_DXT5nm UNITY_FRAMEBUFFER_FETCH_AVAILABLE UNITY_METAL_SHADOWS_USE_POINT_FILTERING UNITY_NO_SCREENSPACE_SHADOWS UNITY_PBS_USE_BRDF2 UNITY_PBS_USE_BRDF3 UNITY_HARDWARE_TIER1 UNITY_HARDWARE_TIER2 UNITY_HARDWARE_TIER3 UNITY_COLORSPACE_GAMMA UNITY_LIGHTMAP_DLDR_ENCODING UNITY_LIGHTMAP_RGBM_ENCODING UNITY_VIRTUAL_TEXTURING UNITY_PRETRANSFORM_TO_DISPLAY_ORIENTATION UNITY_ASTC_NORMALMAP_ENCODING SHADER_API_GLES30 SHADER_API_GLES31 SHADER_API_GLES32 UNITY_UNIFIED_SHADER_PRECISION_MODEL flags=0 lang=3 type=Fragment platform=d3d11 reqs=33 mask=6 start=97
RunExternalCompiler: begin name=FXC
RunExternalCompiler: end
compileSnippet complete
 ok=1 outsize=498

Cmd: compileSnippet
  insize=1865 file=Packages/com.unity.render-pipelines.universal/Editor/Overrides/Shaders/CurveBackground.shader name=Hidden/Universal Render Pipeline/Editor/CurveBackground pass=<Unnamed Pass 0> ppOnly=0 stripLineD=0 buildPlatform=19 rsLen=0 pKW=UNITY_ENABLE_REFLECTION_BUFFERS UNITY_USE_DITHER_MASK_FOR_ALPHABLENDED_SHADOWS UNITY_PBS_USE_BRDF1 UNITY_SPECCUBE_BOX_PROJECTION UNITY_SPECCUBE_BLENDING UNITY_ENABLE_DETAIL_NORMALMAP SHADER_API_DESKTOP UNITY_LIGHT_PROBE_PROXY_VOLUME UNITY_LIGHTMAP_FULL_HDR UNITY_PLATFORM_SUPPORTS_DEPTH_FETCH uKW= dKW=UNITY_NO_DXT5nm UNITY_FRAMEBUFFER_FETCH_AVAILABLE UNITY_METAL_SHADOWS_USE_POINT_FILTERING UNITY_NO_SCREENSPACE_SHADOWS UNITY_PBS_USE_BRDF2 UNITY_PBS_USE_BRDF3 UNITY_HARDWARE_TIER1 UNITY_HARDWARE_TIER2 UNITY_HARDWARE_TIER3 UNITY_COLORSPACE_GAMMA UNITY_LIGHTMAP_DLDR_ENCODING UNITY_LIGHTMAP_RGBM_ENCODING UNITY_VIRTUAL_TEXTURING UNITY_PRETRANSFORM_TO_DISPLAY_ORIENTATION UNITY_ASTC_NORMALMAP_ENCODING SHADER_API_GLES30 SHADER_API_GLES31 SHADER_API_GLES32 UNITY_UNIFIED_SHADER_PRECISION_MODEL flags=0 lang=0 type=Fragment platform=d3d11 reqs=227 mask=6 start=44
RunExternalCompiler: begin name=FXC
RunExternalCompiler: end
compileSnippet complete
 ok=1 outsize=894

Cmd: compileSnippet
  insize=1193 file=Packages/com.unity.render-pipelines.universal/Shaders/Utils/StencilDitherMaskSeed.shader name=Hidden/Universal Render Pipeline/StencilDitherMaskSeed pass=StencilDitherMaskSeed ppOnly=0 stripLineD=0 buildPlatform=19 rsLen=0 pKW=UNITY_ENABLE_REFLECTION_BUFFERS UNITY_USE_DITHER_MASK_FOR_ALPHABLENDED_SHADOWS UNITY_PBS_USE_BRDF1 UNITY_SPECCUBE_BOX_PROJECTION UNITY_SPECCUBE_BLENDING UNITY_ENABLE_DETAIL_NORMALMAP SHADER_API_DESKTOP UNITY_LIGHT_PROBE_PROXY_VOLUME UNITY_LIGHTMAP_FULL_HDR UNITY_PLATFORM_SUPPORTS_DEPTH_FETCH uKW= dKW=UNITY_NO_DXT5nm UNITY_FRAMEBUFFER_FETCH_AVAILABLE UNITY_METAL_SHADOWS_USE_POINT_FILTERING UNITY_NO_SCREENSPACE_SHADOWS UNITY_PBS_USE_BRDF2 UNITY_PBS_USE_BRDF3 UNITY_HARDWARE_TIER1 UNITY_HARDWARE_TIER2 UNITY_HARDWARE_TIER3 UNITY_COLORSPACE_GAMMA UNITY_LIGHTMAP_DLDR_ENCODING UNITY_LIGHTMAP_RGBM_ENCODING UNITY_VIRTUAL_TEXTURING UNITY_PRETRANSFORM_TO_DISPLAY_ORIENTATION UNITY_ASTC_NORMALMAP_ENCODING SHADER_API_GLES30 SHADER_API_GLES31 SHADER_API_GLES32 UNITY_UNIFIED_SHADER_PRECISION_MODEL flags=0 lang=3 type=Vertex platform=d3d11 reqs=33 mask=6 start=35
RunExternalCompiler: begin name=FXC
RunExternalCompiler: end
compileSnippet complete
 ok=1 outsize=582

Cmd: compileSnippet
  insize=4679 file=Packages/com.unity.render-pipelines.universal/Shaders/PostProcessing/PaniniProjection.shader name=Hidden/Universal Render Pipeline/PaniniProjection pass=Panini Projection ppOnly=0 stripLineD=0 buildPlatform=19 rsLen=0 pKW=UNITY_ENABLE_REFLECTION_BUFFERS UNITY_USE_DITHER_MASK_FOR_ALPHABLENDED_SHADOWS UNITY_PBS_USE_BRDF1 UNITY_SPECCUBE_BOX_PROJECTION UNITY_SPECCUBE_BLENDING UNITY_ENABLE_DETAIL_NORMALMAP SHADER_API_DESKTOP UNITY_LIGHT_PROBE_PROXY_VOLUME UNITY_LIGHTMAP_FULL_HDR UNITY_PLATFORM_SUPPORTS_DEPTH_FETCH uKW=_GENERIC dKW=_UNIT_DISTANCE UNITY_NO_DXT5nm UNITY_FRAMEBUFFER_FETCH_AVAILABLE UNITY_METAL_SHADOWS_USE_POINT_FILTERING UNITY_NO_SCREENSPACE_SHADOWS UNITY_PBS_USE_BRDF2 UNITY_PBS_USE_BRDF3 UNITY_HARDWARE_TIER1 UNITY_HARDWARE_TIER2 UNITY_HARDWARE_TIER3 UNITY_COLORSPACE_GAMMA UNITY_LIGHTMAP_DLDR_ENCODING UNITY_LIGHTMAP_RGBM_ENCODING UNITY_VIRTUAL_TEXTURING UNITY_PRETRANSFORM_TO_DISPLAY_ORIENTATION UNITY_ASTC_NORMALMAP_ENCODING SHADER_API_GLES30 SHADER_API_GLES31 SHADER_API_GLES32 UNITY_UNIFIED_SHADER_PRECISION_MODEL flags=0 lang=3 type=Vertex platform=d3d11 reqs=33 mask=6 start=124
RunExternalCompiler: begin name=FXC
RunExternalCompiler: end
compileSnippet complete
 ok=1 outsize=582

Cmd: compileSnippet
  insize=1840 file=Packages/com.unity.render-pipelines.universal/Shaders/Utils/CoreBlit.shader name=Hidden/Universal/CoreBlit pass=Nearest ppOnly=0 stripLineD=0 buildPlatform=19 rsLen=0 pKW=UNITY_ENABLE_REFLECTION_BUFFERS UNITY_USE_DITHER_MASK_FOR_ALPHABLENDED_SHADOWS UNITY_PBS_USE_BRDF1 UNITY_SPECCUBE_BOX_PROJECTION UNITY_SPECCUBE_BLENDING UNITY_ENABLE_DETAIL_NORMALMAP SHADER_API_DESKTOP UNITY_LIGHT_PROBE_PROXY_VOLUME UNITY_LIGHTMAP_FULL_HDR UNITY_PLATFORM_SUPPORTS_DEPTH_FETCH uKW= dKW=UNITY_NO_DXT5nm UNITY_FRAMEBUFFER_FETCH_AVAILABLE UNITY_METAL_SHADOWS_USE_POINT_FILTERING UNITY_NO_SCREENSPACE_SHADOWS UNITY_PBS_USE_BRDF2 UNITY_PBS_USE_BRDF3 UNITY_HARDWARE_TIER1 UNITY_HARDWARE_TIER2 UNITY_HARDWARE_TIER3 UNITY_COLORSPACE_GAMMA UNITY_LIGHTMAP_DLDR_ENCODING UNITY_LIGHTMAP_RGBM_ENCODING UNITY_VIRTUAL_TEXTURING UNITY_PRETRANSFORM_TO_DISPLAY_ORIENTATION UNITY_ASTC_NORMALMAP_ENCODING SHADER_API_GLES30 SHADER_API_GLES31 SHADER_API_GLES32 UNITY_UNIFIED_SHADER_PRECISION_MODEL flags=0 lang=3 type=Fragment platform=d3d11 reqs=1 mask=6 start=49
RunExternalCompiler: begin name=FXC
RunExternalCompiler: end
compileSnippet complete
 ok=1 outsize=358

Cmd: compileSnippet
  insize=1844 file=Packages/com.unity.render-pipelines.universal/Shaders/Utils/CoreBlit.shader name=Hidden/Universal/CoreBlit pass=NearestQuad ppOnly=0 stripLineD=0 buildPlatform=19 rsLen=0 pKW=UNITY_ENABLE_REFLECTION_BUFFERS UNITY_USE_DITHER_MASK_FOR_ALPHABLENDED_SHADOWS UNITY_PBS_USE_BRDF1 UNITY_SPECCUBE_BOX_PROJECTION UNITY_SPECCUBE_BLENDING UNITY_ENABLE_DETAIL_NORMALMAP SHADER_API_DESKTOP UNITY_LIGHT_PROBE_PROXY_VOLUME UNITY_LIGHTMAP_FULL_HDR UNITY_PLATFORM_SUPPORTS_DEPTH_FETCH uKW= dKW=UNITY_NO_DXT5nm UNITY_FRAMEBUFFER_FETCH_AVAILABLE UNITY_METAL_SHADOWS_USE_POINT_FILTERING UNITY_NO_SCREENSPACE_SHADOWS UNITY_PBS_USE_BRDF2 UNITY_PBS_USE_BRDF3 UNITY_HARDWARE_TIER1 UNITY_HARDWARE_TIER2 UNITY_HARDWARE_TIER3 UNITY_COLORSPACE_GAMMA UNITY_LIGHTMAP_DLDR_ENCODING UNITY_LIGHTMAP_RGBM_ENCODING UNITY_VIRTUAL_TEXTURING UNITY_PRETRANSFORM_TO_DISPLAY_ORIENTATION UNITY_ASTC_NORMALMAP_ENCODING SHADER_API_GLES30 SHADER_API_GLES31 SHADER_API_GLES32 UNITY_UNIFIED_SHADER_PRECISION_MODEL flags=0 lang=3 type=Vertex platform=d3d11 reqs=1 mask=6 start=73
RunExternalCompiler: begin name=FXC
RunExternalCompiler: end
compileSnippet complete
 ok=1 outsize=786

Cmd: compileSnippet
  insize=1851 file=Packages/com.unity.render-pipelines.universal/Shaders/Utils/CoreBlit.shader name=Hidden/Universal/CoreBlit pass=NearestQuadPadding ppOnly=0 stripLineD=0 buildPlatform=19 rsLen=0 pKW=UNITY_ENABLE_REFLECTION_BUFFERS UNITY_USE_DITHER_MASK_FOR_ALPHABLENDED_SHADOWS UNITY_PBS_USE_BRDF1 UNITY_SPECCUBE_BOX_PROJECTION UNITY_SPECCUBE_BLENDING UNITY_ENABLE_DETAIL_NORMALMAP SHADER_API_DESKTOP UNITY_LIGHT_PROBE_PROXY_VOLUME UNITY_LIGHTMAP_FULL_HDR UNITY_PLATFORM_SUPPORTS_DEPTH_FETCH uKW= dKW=UNITY_NO_DXT5nm UNITY_FRAMEBUFFER_FETCH_AVAILABLE UNITY_METAL_SHADOWS_USE_POINT_FILTERING UNITY_NO_SCREENSPACE_SHADOWS UNITY_PBS_USE_BRDF2 UNITY_PBS_USE_BRDF3 UNITY_HARDWARE_TIER1 UNITY_HARDWARE_TIER2 UNITY_HARDWARE_TIER3 UNITY_COLORSPACE_GAMMA UNITY_LIGHTMAP_DLDR_ENCODING UNITY_LIGHTMAP_RGBM_ENCODING UNITY_VIRTUAL_TEXTURING UNITY_PRETRANSFORM_TO_DISPLAY_ORIENTATION UNITY_ASTC_NORMALMAP_ENCODING SHADER_API_GLES30 SHADER_API_GLES31 SHADER_API_GLES32 UNITY_UNIFIED_SHADER_PRECISION_MODEL flags=0 lang=3 type=Fragment platform=d3d11 reqs=1 mask=6 start=97
RunExternalCompiler: begin name=FXC
RunExternalCompiler: end
compileSnippet complete
 ok=1 outsize=358

Cmd: compileSnippet
  insize=1860 file=Packages/com.unity.render-pipelines.universal/Shaders/Utils/CoreBlit.shader name=Hidden/Universal/CoreBlit pass=BilinearQuadPaddingRepeat ppOnly=0 stripLineD=0 buildPlatform=19 rsLen=0 pKW=UNITY_ENABLE_REFLECTION_BUFFERS UNITY_USE_DITHER_MASK_FOR_ALPHABLENDED_SHADOWS UNITY_PBS_USE_BRDF1 UNITY_SPECCUBE_BOX_PROJECTION UNITY_SPECCUBE_BLENDING UNITY_ENABLE_DETAIL_NORMALMAP SHADER_API_DESKTOP UNITY_LIGHT_PROBE_PROXY_VOLUME UNITY_LIGHTMAP_FULL_HDR UNITY_PLATFORM_SUPPORTS_DEPTH_FETCH uKW= dKW=UNITY_NO_DXT5nm UNITY_FRAMEBUFFER_FETCH_AVAILABLE UNITY_METAL_SHADOWS_USE_POINT_FILTERING UNITY_NO_SCREENSPACE_SHADOWS UNITY_PBS_USE_BRDF2 UNITY_PBS_USE_BRDF3 UNITY_HARDWARE_TIER1 UNITY_HARDWARE_TIER2 UNITY_HARDWARE_TIER3 UNITY_COLORSPACE_GAMMA UNITY_LIGHTMAP_DLDR_ENCODING UNITY_LIGHTMAP_RGBM_ENCODING UNITY_VIRTUAL_TEXTURING UNITY_PRETRANSFORM_TO_DISPLAY_ORIENTATION UNITY_ASTC_NORMALMAP_ENCODING SHADER_API_GLES30 SHADER_API_GLES31 SHADER_API_GLES32 UNITY_UNIFIED_SHADER_PRECISION_MODEL flags=0 lang=3 type=Vertex platform=d3d11 reqs=1 mask=6 start=133
RunExternalCompiler: begin name=FXC
RunExternalCompiler: end
compileSnippet complete
 ok=1 outsize=970

Cmd: compileSnippet
  insize=1894 file=Packages/com.unity.render-pipelines.universal/Shaders/Utils/CoreBlit.shader name=Hidden/Universal/CoreBlit pass=NearestQuadPaddingAlphaBlend ppOnly=0 stripLineD=0 buildPlatform=19 rsLen=0 pKW=UNITY_ENABLE_REFLECTION_BUFFERS UNITY_USE_DITHER_MASK_FOR_ALPHABLENDED_SHADOWS UNITY_PBS_USE_BRDF1 UNITY_SPECCUBE_BOX_PROJECTION UNITY_SPECCUBE_BLENDING UNITY_ENABLE_DETAIL_NORMALMAP SHADER_API_DESKTOP UNITY_LIGHT_PROBE_PROXY_VOLUME UNITY_LIGHTMAP_FULL_HDR UNITY_PLATFORM_SUPPORTS_DEPTH_FETCH uKW= dKW=UNITY_NO_DXT5nm UNITY_FRAMEBUFFER_FETCH_AVAILABLE UNITY_METAL_SHADOWS_USE_POINT_FILTERING UNITY_NO_SCREENSPACE_SHADOWS UNITY_PBS_USE_BRDF2 UNITY_PBS_USE_BRDF3 UNITY_HARDWARE_TIER1 UNITY_HARDWARE_TIER2 UNITY_HARDWARE_TIER3 UNITY_COLORSPACE_GAMMA UNITY_LIGHTMAP_DLDR_ENCODING UNITY_LIGHTMAP_RGBM_ENCODING UNITY_VIRTUAL_TEXTURING UNITY_PRETRANSFORM_TO_DISPLAY_ORIENTATION UNITY_ASTC_NORMALMAP_ENCODING SHADER_API_GLES30 SHADER_API_GLES31 SHADER_API_GLES32 UNITY_UNIFIED_SHADER_PRECISION_MODEL flags=0 lang=3 type=Fragment platform=d3d11 reqs=1 mask=6 start=158
RunExternalCompiler: begin name=FXC
RunExternalCompiler: end
compileSnippet complete
 ok=1 outsize=358

Cmd: compileSnippet
  insize=1911 file=Packages/com.unity.render-pipelines.universal/Shaders/Utils/CoreBlit.shader name=Hidden/Universal/CoreBlit pass=BilinearQuadPaddingAlphaBlendOctahedral ppOnly=0 stripLineD=0 buildPlatform=19 rsLen=0 pKW=UNITY_ENABLE_REFLECTION_BUFFERS UNITY_USE_DITHER_MASK_FOR_ALPHABLENDED_SHADOWS UNITY_PBS_USE_BRDF1 UNITY_SPECCUBE_BOX_PROJECTION UNITY_SPECCUBE_BLENDING UNITY_ENABLE_DETAIL_NORMALMAP SHADER_API_DESKTOP UNITY_LIGHT_PROBE_PROXY_VOLUME UNITY_LIGHTMAP_FULL_HDR UNITY_PLATFORM_SUPPORTS_DEPTH_FETCH uKW= dKW=UNITY_NO_DXT5nm UNITY_FRAMEBUFFER_FETCH_AVAILABLE UNITY_METAL_SHADOWS_USE_POINT_FILTERING UNITY_NO_SCREENSPACE_SHADOWS UNITY_PBS_USE_BRDF2 UNITY_PBS_USE_BRDF3 UNITY_HARDWARE_TIER1 UNITY_HARDWARE_TIER2 UNITY_HARDWARE_TIER3 UNITY_COLORSPACE_GAMMA UNITY_LIGHTMAP_DLDR_ENCODING UNITY_LIGHTMAP_RGBM_ENCODING UNITY_VIRTUAL_TEXTURING UNITY_PRETRANSFORM_TO_DISPLAY_ORIENTATION UNITY_ASTC_NORMALMAP_ENCODING SHADER_API_GLES30 SHADER_API_GLES31 SHADER_API_GLES32 UNITY_UNIFIED_SHADER_PRECISION_MODEL flags=0 lang=3 type=Vertex platform=d3d11 reqs=1 mask=6 start=210
RunExternalCompiler: begin name=FXC
RunExternalCompiler: end
compileSnippet complete
 ok=1 outsize=970

Cmd: compileSnippet
  insize=1867 file=Packages/com.unity.render-pipelines.universal/Shaders/Utils/CoreBlit.shader name=Hidden/Universal/CoreBlit pass=CubeToOctahedralAlpha ppOnly=0 stripLineD=0 buildPlatform=19 rsLen=0 pKW=UNITY_ENABLE_REFLECTION_BUFFERS UNITY_USE_DITHER_MASK_FOR_ALPHABLENDED_SHADOWS UNITY_PBS_USE_BRDF1 UNITY_SPECCUBE_BOX_PROJECTION UNITY_SPECCUBE_BLENDING UNITY_ENABLE_DETAIL_NORMALMAP SHADER_API_DESKTOP UNITY_LIGHT_PROBE_PROXY_VOLUME UNITY_LIGHTMAP_FULL_HDR UNITY_PLATFORM_SUPPORTS_DEPTH_FETCH uKW= dKW=UNITY_NO_DXT5nm UNITY_FRAMEBUFFER_FETCH_AVAILABLE UNITY_METAL_SHADOWS_USE_POINT_FILTERING UNITY_NO_SCREENSPACE_SHADOWS UNITY_PBS_USE_BRDF2 UNITY_PBS_USE_BRDF3 UNITY_HARDWARE_TIER1 UNITY_HARDWARE_TIER2 UNITY_HARDWARE_TIER3 UNITY_COLORSPACE_GAMMA UNITY_LIGHTMAP_DLDR_ENCODING UNITY_LIGHTMAP_RGBM_ENCODING UNITY_VIRTUAL_TEXTURING UNITY_PRETRANSFORM_TO_DISPLAY_ORIENTATION UNITY_ASTC_NORMALMAP_ENCODING SHADER_API_GLES30 SHADER_API_GLES31 SHADER_API_GLES32 UNITY_UNIFIED_SHADER_PRECISION_MODEL flags=0 lang=3 type=Fragment platform=d3d11 reqs=1 mask=6 start=247
RunExternalCompiler: begin name=FXC
RunExternalCompiler: end
compileSnippet complete
 ok=1 outsize=826

Cmd: compileSnippet
  insize=1856 file=Packages/com.unity.render-pipelines.universal/Shaders/Utils/CoreBlit.shader name=Hidden/Universal/CoreBlit pass=BilinearQuadRed ppOnly=0 stripLineD=0 buildPlatform=19 rsLen=0 pKW=UNITY_ENABLE_REFLECTION_BUFFERS UNITY_USE_DITHER_MASK_FOR_ALPHABLENDED_SHADOWS UNITY_PBS_USE_BRDF1 UNITY_SPECCUBE_BOX_PROJECTION UNITY_SPECCUBE_BLENDING UNITY_ENABLE_DETAIL_NORMALMAP SHADER_API_DESKTOP UNITY_LIGHT_PROBE_PROXY_VOLUME UNITY_LIGHTMAP_FULL_HDR UNITY_PLATFORM_SUPPORTS_DEPTH_FETCH uKW= dKW=UNITY_NO_DXT5nm UNITY_FRAMEBUFFER_FETCH_AVAILABLE UNITY_METAL_SHADOWS_USE_POINT_FILTERING UNITY_NO_SCREENSPACE_SHADOWS UNITY_PBS_USE_BRDF2 UNITY_PBS_USE_BRDF3 UNITY_HARDWARE_TIER1 UNITY_HARDWARE_TIER2 UNITY_HARDWARE_TIER3 UNITY_COLORSPACE_GAMMA UNITY_LIGHTMAP_DLDR_ENCODING UNITY_LIGHTMAP_RGBM_ENCODING UNITY_VIRTUAL_TEXTURING UNITY_PRETRANSFORM_TO_DISPLAY_ORIENTATION UNITY_ASTC_NORMALMAP_ENCODING SHADER_API_GLES30 SHADER_API_GLES31 SHADER_API_GLES32 UNITY_UNIFIED_SHADER_PRECISION_MODEL flags=0 lang=3 type=Vertex platform=d3d11 reqs=1 mask=6 start=295
RunExternalCompiler: begin name=FXC
RunExternalCompiler: end
compileSnippet complete
 ok=1 outsize=786

Cmd: compileSnippet
  insize=2309 file=Packages/com.unity.render-pipelines.universal/Shaders/Utils/CoreBlit.shader name=Hidden/Universal/CoreBlit pass=BilinearDebugDraw ppOnly=0 stripLineD=0 buildPlatform=19 rsLen=0 pKW=UNITY_ENABLE_REFLECTION_BUFFERS UNITY_USE_DITHER_MASK_FOR_ALPHABLENDED_SHADOWS UNITY_PBS_USE_BRDF1 UNITY_SPECCUBE_BOX_PROJECTION UNITY_SPECCUBE_BLENDING UNITY_ENABLE_DETAIL_NORMALMAP SHADER_API_DESKTOP UNITY_LIGHT_PROBE_PROXY_VOLUME UNITY_LIGHTMAP_FULL_HDR UNITY_PLATFORM_SUPPORTS_DEPTH_FETCH uKW= dKW=_LINEAR_TO_SRGB_CONVERSION DEBUG_DISPLAY UNITY_NO_DXT5nm UNITY_FRAMEBUFFER_FETCH_AVAILABLE UNITY_METAL_SHADOWS_USE_POINT_FILTERING UNITY_NO_SCREENSPACE_SHADOWS UNITY_PBS_USE_BRDF2 UNITY_PBS_USE_BRDF3 UNITY_HARDWARE_TIER1 UNITY_HARDWARE_TIER2 UNITY_HARDWARE_TIER3 UNITY_COLORSPACE_GAMMA UNITY_LIGHTMAP_DLDR_ENCODING UNITY_LIGHTMAP_RGBM_ENCODING UNITY_VIRTUAL_TEXTURING UNITY_PRETRANSFORM_TO_DISPLAY_ORIENTATION UNITY_ASTC_NORMALMAP_ENCODING SHADER_API_GLES30 SHADER_API_GLES31 SHADER_API_GLES32 UNITY_UNIFIED_SHADER_PRECISION_MODEL flags=0 lang=3 type=Fragment platform=d3d11 reqs=1 mask=6 start=333
RunExternalCompiler: begin name=FXC
RunExternalCompiler: end
compileSnippet complete
 ok=1 outsize=358

Cmd: compileSnippet
  insize=1256 file=Packages/com.unity.render-pipelines.universal/Shaders/PostProcessing/LensFlareScreenSpace.shader name=Hidden/Universal Render Pipeline/LensFlareScreenSpace pass=LensFlareScreenSpace Upsample ppOnly=0 stripLineD=0 buildPlatform=19 rsLen=0 pKW=UNITY_ENABLE_REFLECTION_BUFFERS UNITY_USE_DITHER_MASK_FOR_ALPHABLENDED_SHADOWS UNITY_PBS_USE_BRDF1 UNITY_SPECCUBE_BOX_PROJECTION UNITY_SPECCUBE_BLENDING UNITY_ENABLE_DETAIL_NORMALMAP SHADER_API_DESKTOP UNITY_LIGHT_PROBE_PROXY_VOLUME UNITY_LIGHTMAP_FULL_HDR UNITY_PLATFORM_SUPPORTS_DEPTH_FETCH uKW= dKW=UNITY_NO_DXT5nm UNITY_FRAMEBUFFER_FETCH_AVAILABLE UNITY_METAL_SHADOWS_USE_POINT_FILTERING UNITY_NO_SCREENSPACE_SHADOWS UNITY_PBS_USE_BRDF2 UNITY_PBS_USE_BRDF3 UNITY_HARDWARE_TIER1 UNITY_HARDWARE_TIER2 UNITY_HARDWARE_TIER3 UNITY_COLORSPACE_GAMMA UNITY_LIGHTMAP_DLDR_ENCODING UNITY_LIGHTMAP_RGBM_ENCODING UNITY_VIRTUAL_TEXTURING UNITY_PRETRANSFORM_TO_DISPLAY_ORIENTATION UNITY_ASTC_NORMALMAP_ENCODING SHADER_API_GLES30 SHADER_API_GLES31 SHADER_API_GLES32 UNITY_UNIFIED_SHADER_PRECISION_MODEL flags=0 lang=3 type=Vertex platform=d3d11 reqs=227 mask=6 start=77
RunExternalCompiler: begin name=FXC
RunExternalCompiler: end
compileSnippet complete
 ok=1 outsize=734

Cmd: compileSnippet
  insize=1255 file=Packages/com.unity.render-pipelines.universal/Shaders/PostProcessing/LensFlareScreenSpace.shader name=Hidden/Universal Render Pipeline/LensFlareScreenSpace pass=LensFlareScreenSpace Write to BloomTexture ppOnly=0 stripLineD=0 buildPlatform=19 rsLen=0 pKW=UNITY_ENABLE_REFLECTION_BUFFERS UNITY_USE_DITHER_MASK_FOR_ALPHABLENDED_SHADOWS UNITY_PBS_USE_BRDF1 UNITY_SPECCUBE_BOX_PROJECTION UNITY_SPECCUBE_BLENDING UNITY_ENABLE_DETAIL_NORMALMAP SHADER_API_DESKTOP UNITY_LIGHT_PROBE_PROXY_VOLUME UNITY_LIGHTMAP_FULL_HDR UNITY_PLATFORM_SUPPORTS_DEPTH_FETCH uKW= dKW=UNITY_NO_DXT5nm UNITY_FRAMEBUFFER_FETCH_AVAILABLE UNITY_METAL_SHADOWS_USE_POINT_FILTERING UNITY_NO_SCREENSPACE_SHADOWS UNITY_PBS_USE_BRDF2 UNITY_PBS_USE_BRDF3 UNITY_HARDWARE_TIER1 UNITY_HARDWARE_TIER2 UNITY_HARDWARE_TIER3 UNITY_COLORSPACE_GAMMA UNITY_LIGHTMAP_DLDR_ENCODING UNITY_LIGHTMAP_RGBM_ENCODING UNITY_VIRTUAL_TEXTURING UNITY_PRETRANSFORM_TO_DISPLAY_ORIENTATION UNITY_ASTC_NORMALMAP_ENCODING SHADER_API_GLES30 SHADER_API_GLES31 SHADER_API_GLES32 UNITY_UNIFIED_SHADER_PRECISION_MODEL flags=0 lang=3 type=Fragment platform=d3d11 reqs=227 mask=6 start=138
RunExternalCompiler: begin name=FXC
RunExternalCompiler: end
compileSnippet complete
 ok=1 outsize=494

Cmd: compileSnippet
  insize=11851 file=Packages/com.unity.render-pipelines.universal/Shaders/PostProcessing/Bloom.shader name=Hidden/Universal Render Pipeline/Bloom pass=Bloom Blur Vertical ppOnly=0 stripLineD=0 buildPlatform=19 rsLen=0 pKW=UNITY_ENABLE_REFLECTION_BUFFERS UNITY_USE_DITHER_MASK_FOR_ALPHABLENDED_SHADOWS UNITY_PBS_USE_BRDF1 UNITY_SPECCUBE_BOX_PROJECTION UNITY_SPECCUBE_BLENDING UNITY_ENABLE_DETAIL_NORMALMAP SHADER_API_DESKTOP UNITY_LIGHT_PROBE_PROXY_VOLUME UNITY_LIGHTMAP_FULL_HDR UNITY_PLATFORM_SUPPORTS_DEPTH_FETCH uKW= dKW=UNITY_NO_DXT5nm UNITY_FRAMEBUFFER_FETCH_AVAILABLE UNITY_METAL_SHADOWS_USE_POINT_FILTERING UNITY_NO_SCREENSPACE_SHADOWS UNITY_PBS_USE_BRDF2 UNITY_PBS_USE_BRDF3 UNITY_HARDWARE_TIER1 UNITY_HARDWARE_TIER2 UNITY_HARDWARE_TIER3 UNITY_COLORSPACE_GAMMA UNITY_LIGHTMAP_DLDR_ENCODING UNITY_LIGHTMAP_RGBM_ENCODING UNITY_VIRTUAL_TEXTURING UNITY_PRETRANSFORM_TO_DISPLAY_ORIENTATION UNITY_ASTC_NORMALMAP_ENCODING SHADER_API_GLES30 SHADER_API_GLES31 SHADER_API_GLES32 UNITY_UNIFIED_SHADER_PRECISION_MODEL flags=0 lang=3 type=Vertex platform=d3d11 reqs=33 mask=6 start=280
RunExternalCompiler: begin name=FXC
RunExternalCompiler: end
compileSnippet complete
 ok=1 outsize=582

Cmd: compileSnippet
  insize=11852 file=Packages/com.unity.render-pipelines.universal/Shaders/PostProcessing/Bloom.shader name=Hidden/Universal Render Pipeline/Bloom pass=Bloom Kawase ppOnly=0 stripLineD=0 buildPlatform=19 rsLen=0 pKW=UNITY_ENABLE_REFLECTION_BUFFERS UNITY_USE_DITHER_MASK_FOR_ALPHABLENDED_SHADOWS UNITY_PBS_USE_BRDF1 UNITY_SPECCUBE_BOX_PROJECTION UNITY_SPECCUBE_BLENDING UNITY_ENABLE_DETAIL_NORMALMAP SHADER_API_DESKTOP UNITY_LIGHT_PROBE_PROXY_VOLUME UNITY_LIGHTMAP_FULL_HDR UNITY_PLATFORM_SUPPORTS_DEPTH_FETCH uKW= dKW=UNITY_NO_DXT5nm UNITY_FRAMEBUFFER_FETCH_AVAILABLE UNITY_METAL_SHADOWS_USE_POINT_FILTERING UNITY_NO_SCREENSPACE_SHADOWS UNITY_PBS_USE_BRDF2 UNITY_PBS_USE_BRDF3 UNITY_HARDWARE_TIER1 UNITY_HARDWARE_TIER2 UNITY_HARDWARE_TIER3 UNITY_COLORSPACE_GAMMA UNITY_LIGHTMAP_DLDR_ENCODING UNITY_LIGHTMAP_RGBM_ENCODING UNITY_VIRTUAL_TEXTURING UNITY_PRETRANSFORM_TO_DISPLAY_ORIENTATION UNITY_ASTC_NORMALMAP_ENCODING SHADER_API_GLES30 SHADER_API_GLES31 SHADER_API_GLES32 UNITY_UNIFIED_SHADER_PRECISION_MODEL flags=0 lang=3 type=Fragment platform=d3d11 reqs=33 mask=6 start=301
RunExternalCompiler: begin name=FXC
RunExternalCompiler: end
compileSnippet complete
 ok=1 outsize=1218

Cmd: compileSnippet
  insize=1532 file=Packages/com.unity.render-pipelines.universal/Shaders/2D/Shadow2D-Projected.shader name=Hidden/ShadowProjected2D pass=Projected Shadow (R) ppOnly=0 stripLineD=0 buildPlatform=19 rsLen=0 pKW=UNITY_ENABLE_REFLECTION_BUFFERS UNITY_USE_DITHER_MASK_FOR_ALPHABLENDED_SHADOWS UNITY_PBS_USE_BRDF1 UNITY_SPECCUBE_BOX_PROJECTION UNITY_SPECCUBE_BLENDING UNITY_ENABLE_DETAIL_NORMALMAP SHADER_API_DESKTOP UNITY_LIGHT_PROBE_PROXY_VOLUME UNITY_LIGHTMAP_FULL_HDR UNITY_PLATFORM_SUPPORTS_DEPTH_FETCH uKW= dKW=UNITY_NO_DXT5nm UNITY_FRAMEBUFFER_FETCH_AVAILABLE UNITY_METAL_SHADOWS_USE_POINT_FILTERING UNITY_NO_SCREENSPACE_SHADOWS UNITY_PBS_USE_BRDF2 UNITY_PBS_USE_BRDF3 UNITY_HARDWARE_TIER1 UNITY_HARDWARE_TIER2 UNITY_HARDWARE_TIER3 UNITY_COLORSPACE_GAMMA UNITY_LIGHTMAP_DLDR_ENCODING UNITY_LIGHTMAP_RGBM_ENCODING UNITY_VIRTUAL_TEXTURING UNITY_PRETRANSFORM_TO_DISPLAY_ORIENTATION UNITY_ASTC_NORMALMAP_ENCODING SHADER_API_GLES30 SHADER_API_GLES31 SHADER_API_GLES32 UNITY_UNIFIED_SHADER_PRECISION_MODEL flags=0 lang=3 type=Vertex platform=d3d11 reqs=33 mask=6 start=33
RunExternalCompiler: begin name=FXC
RunExternalCompiler: end
compileSnippet complete
 ok=1 outsize=2442

Cmd: compileSnippet
  insize=1774 file=Packages/com.unity.render-pipelines.universal/Shaders/Nature/SpeedTree7.shader name=Universal Render Pipeline/Nature/SpeedTree7 pass=SceneSelectionPass ppOnly=0 stripLineD=0 buildPlatform=19 rsLen=0 pKW=UNITY_ENABLE_REFLECTION_BUFFERS UNITY_USE_DITHER_MASK_FOR_ALPHABLENDED_SHADOWS UNITY_PBS_USE_BRDF1 UNITY_SPECCUBE_BOX_PROJECTION UNITY_SPECCUBE_BLENDING UNITY_ENABLE_DETAIL_NORMALMAP SHADER_API_DESKTOP UNITY_LIGHT_PROBE_PROXY_VOLUME UNITY_LIGHTMAP_FULL_HDR UNITY_PLATFORM_SUPPORTS_DEPTH_FETCH uKW=GEOM_TYPE_BRANCH dKW=INSTANCING_ON GEOM_TYPE_BRANCH_DETAIL GEOM_TYPE_FROND GEOM_TYPE_LEAF GEOM_TYPE_MESH UNITY_NO_DXT5nm UNITY_FRAMEBUFFER_FETCH_AVAILABLE UNITY_METAL_SHADOWS_USE_POINT_FILTERING UNITY_NO_SCREENSPACE_SHADOWS UNITY_PBS_USE_BRDF2 UNITY_PBS_USE_BRDF3 UNITY_HARDWARE_TIER1 UNITY_HARDWARE_TIER2 UNITY_HARDWARE_TIER3 UNITY_COLORSPACE_GAMMA UNITY_LIGHTMAP_DLDR_ENCODING UNITY_LIGHTMAP_RGBM_ENCODING UNITY_VIRTUAL_TEXTURING UNITY_PRETRANSFORM_TO_DISPLAY_ORIENTATION UNITY_ASTC_NORMALMAP_ENCODING SHADER_API_GLES30 SHADER_API_GLES31 SHADER_API_GLES32 UNITY_UNIFIED_SHADER_PRECISION_MODEL flags=0 lang=3 type=Fragment platform=d3d11 reqs=33 mask=6 start=82
RunExternalCompiler: begin name=FXC
RunExternalCompiler: end
compileSnippet complete
 ok=1 outsize=350

Cmd: compileSnippet
  insize=2015 file=Packages/com.unity.render-pipelines.universal/Shaders/Nature/SpeedTree7.shader name=Universal Render Pipeline/Nature/SpeedTree7 pass=DepthOnly ppOnly=0 stripLineD=0 buildPlatform=19 rsLen=0 pKW=UNITY_ENABLE_REFLECTION_BUFFERS UNITY_USE_DITHER_MASK_FOR_ALPHABLENDED_SHADOWS UNITY_PBS_USE_BRDF1 UNITY_SPECCUBE_BOX_PROJECTION UNITY_SPECCUBE_BLENDING UNITY_ENABLE_DETAIL_NORMALMAP SHADER_API_DESKTOP UNITY_LIGHT_PROBE_PROXY_VOLUME UNITY_LIGHTMAP_FULL_HDR UNITY_PLATFORM_SUPPORTS_DEPTH_FETCH uKW=LOD_FADE_PERCENTAGE GEOM_TYPE_BRANCH dKW=LOD_FADE_CROSSFADE INSTANCING_ON GEOM_TYPE_BRANCH_DETAIL GEOM_TYPE_FROND GEOM_TYPE_LEAF GEOM_TYPE_MESH UNITY_NO_DXT5nm UNITY_FRAMEBUFFER_FETCH_AVAILABLE UNITY_METAL_SHADOWS_USE_POINT_FILTERING UNITY_NO_SCREENSPACE_SHADOWS UNITY_PBS_USE_BRDF2 UNITY_PBS_USE_BRDF3 UNITY_HARDWARE_TIER1 UNITY_HARDWARE_TIER2 UNITY_HARDWARE_TIER3 UNITY_COLORSPACE_GAMMA UNITY_LIGHTMAP_DLDR_ENCODING UNITY_LIGHTMAP_RGBM_ENCODING UNITY_VIRTUAL_TEXTURING UNITY_PRETRANSFORM_TO_DISPLAY_ORIENTATION UNITY_ASTC_NORMALMAP_ENCODING SHADER_API_GLES30 SHADER_API_GLES31 SHADER_API_GLES32 UNITY_UNIFIED_SHADER_PRECISION_MODEL flags=0 lang=3 type=Vertex platform=d3d11 reqs=33 mask=6 start=188
RunExternalCompiler: begin name=FXC
RunExternalCompiler: end
compileSnippet complete
 ok=1 outsize=6142

Cmd: compileSnippet
  insize=3002 file=Packages/com.unity.render-pipelines.universal/Shaders/Nature/SpeedTree7Billboard.shader name=Universal Render Pipeline/Nature/SpeedTree7 Billboard pass=GBuffer ppOnly=0 stripLineD=0 buildPlatform=19 rsLen=0 pKW=UNITY_ENABLE_REFLECTION_BUFFERS UNITY_USE_DITHER_MASK_FOR_ALPHABLENDED_SHADOWS UNITY_PBS_USE_BRDF1 UNITY_SPECCUBE_BOX_PROJECTION UNITY_SPECCUBE_BLENDING UNITY_ENABLE_DETAIL_NORMALMAP SHADER_API_DESKTOP UNITY_LIGHT_PROBE_PROXY_VOLUME UNITY_LIGHTMAP_FULL_HDR UNITY_PLATFORM_SUPPORTS_DEPTH_FETCH uKW= dKW=_MAIN_LIGHT_SHADOWS _MAIN_LIGHT_SHADOWS_CASCADE _MAIN_LIGHT_SHADOWS_SCREEN BILLBOARD_FACE_CAMERA_POS LOD_FADE_CROSSFADE EFFECT_BUMP EFFECT_HUE_VARIATION UNITY_NO_DXT5nm UNITY_FRAMEBUFFER_FETCH_AVAILABLE UNITY_METAL_SHADOWS_USE_POINT_FILTERING UNITY_NO_SCREENSPACE_SHADOWS UNITY_PBS_USE_BRDF2 UNITY_PBS_USE_BRDF3 UNITY_HARDWARE_TIER1 UNITY_HARDWARE_TIER2 UNITY_HARDWARE_TIER3 UNITY_COLORSPACE_GAMMA UNITY_LIGHTMAP_DLDR_ENCODING UNITY_LIGHTMAP_RGBM_ENCODING UNITY_VIRTUAL_TEXTURING UNITY_PRETRANSFORM_TO_DISPLAY_ORIENTATION UNITY_ASTC_NORMALMAP_ENCODING SHADER_API_GLES30 SHADER_API_GLES31 SHADER_API_GLES32 UNITY_UNIFIED_SHADER_PRECISION_MODEL flags=0 lang=3 type=Vertex platform=d3d11 reqs=1101803 mask=6 start=93
RunExternalCompiler: begin name=FXC
RunExternalCompiler: end
compileSnippet complete
 ok=1 outsize=3558

Cmd: compileSnippet
  insize=1107 file=Packages/com.unity.render-pipelines.universal/Shaders/PostProcessing/TemporalAA.shader name=Hidden/Universal Render Pipeline/TemporalAA pass=TemporalAA - Accumulate - Quality Low ppOnly=0 stripLineD=0 buildPlatform=19 rsLen=0 pKW=UNITY_ENABLE_REFLECTION_BUFFERS UNITY_USE_DITHER_MASK_FOR_ALPHABLENDED_SHADOWS UNITY_PBS_USE_BRDF1 UNITY_SPECCUBE_BOX_PROJECTION UNITY_SPECCUBE_BLENDING UNITY_ENABLE_DETAIL_NORMALMAP SHADER_API_DESKTOP UNITY_LIGHT_PROBE_PROXY_VOLUME UNITY_LIGHTMAP_FULL_HDR UNITY_PLATFORM_SUPPORTS_DEPTH_FETCH uKW= dKW=UNITY_NO_DXT5nm UNITY_FRAMEBUFFER_FETCH_AVAILABLE UNITY_METAL_SHADOWS_USE_POINT_FILTERING UNITY_NO_SCREENSPACE_SHADOWS UNITY_PBS_USE_BRDF2 UNITY_PBS_USE_BRDF3 UNITY_HARDWARE_TIER1 UNITY_HARDWARE_TIER2 UNITY_HARDWARE_TIER3 UNITY_COLORSPACE_GAMMA UNITY_LIGHTMAP_DLDR_ENCODING UNITY_LIGHTMAP_RGBM_ENCODING UNITY_VIRTUAL_TEXTURING UNITY_PRETRANSFORM_TO_DISPLAY_ORIENTATION UNITY_ASTC_NORMALMAP_ENCODING SHADER_API_GLES30 SHADER_API_GLES31 SHADER_API_GLES32 UNITY_UNIFIED_SHADER_PRECISION_MODEL flags=0 lang=3 type=Vertex platform=d3d11 reqs=33 mask=6 start=39
RunExternalCompiler: begin name=FXC
RunExternalCompiler: end
compileSnippet complete
 ok=1 outsize=582

Cmd: compileSnippet
  insize=1014 file=Packages/com.unity.render-pipelines.universal/Shaders/PostProcessing/TemporalAA.shader name=Hidden/Universal Render Pipeline/TemporalAA pass=TemporalAA - Accumulate - Quality Medium ppOnly=0 stripLineD=0 buildPlatform=19 rsLen=0 pKW=UNITY_ENABLE_REFLECTION_BUFFERS UNITY_USE_DITHER_MASK_FOR_ALPHABLENDED_SHADOWS UNITY_PBS_USE_BRDF1 UNITY_SPECCUBE_BOX_PROJECTION UNITY_SPECCUBE_BLENDING UNITY_ENABLE_DETAIL_NORMALMAP SHADER_API_DESKTOP UNITY_LIGHT_PROBE_PROXY_VOLUME UNITY_LIGHTMAP_FULL_HDR UNITY_PLATFORM_SUPPORTS_DEPTH_FETCH uKW= dKW=UNITY_NO_DXT5nm UNITY_FRAMEBUFFER_FETCH_AVAILABLE UNITY_METAL_SHADOWS_USE_POINT_FILTERING UNITY_NO_SCREENSPACE_SHADOWS UNITY_PBS_USE_BRDF2 UNITY_PBS_USE_BRDF3 UNITY_HARDWARE_TIER1 UNITY_HARDWARE_TIER2 UNITY_HARDWARE_TIER3 UNITY_COLORSPACE_GAMMA UNITY_LIGHTMAP_DLDR_ENCODING UNITY_LIGHTMAP_RGBM_ENCODING UNITY_VIRTUAL_TEXTURING UNITY_PRETRANSFORM_TO_DISPLAY_ORIENTATION UNITY_ASTC_NORMALMAP_ENCODING SHADER_API_GLES30 SHADER_API_GLES31 SHADER_API_GLES32 UNITY_UNIFIED_SHADER_PRECISION_MODEL flags=0 lang=3 type=Vertex platform=d3d11 reqs=33 mask=6 start=56
RunExternalCompiler: begin name=FXC
RunExternalCompiler: end
compileSnippet complete
 ok=1 outsize=582

Cmd: compileSnippet
  insize=999 file=Packages/com.unity.render-pipelines.universal/Shaders/PostProcessing/TemporalAA.shader name=Hidden/Universal Render Pipeline/TemporalAA pass=TemporalAA - Copy History ppOnly=0 stripLineD=0 buildPlatform=19 rsLen=0 pKW=UNITY_ENABLE_REFLECTION_BUFFERS UNITY_USE_DITHER_MASK_FOR_ALPHABLENDED_SHADOWS UNITY_PBS_USE_BRDF1 UNITY_SPECCUBE_BOX_PROJECTION UNITY_SPECCUBE_BLENDING UNITY_ENABLE_DETAIL_NORMALMAP SHADER_API_DESKTOP UNITY_LIGHT_PROBE_PROXY_VOLUME UNITY_LIGHTMAP_FULL_HDR UNITY_PLATFORM_SUPPORTS_DEPTH_FETCH uKW= dKW=UNITY_NO_DXT5nm UNITY_FRAMEBUFFER_FETCH_AVAILABLE UNITY_METAL_SHADOWS_USE_POINT_FILTERING UNITY_NO_SCREENSPACE_SHADOWS UNITY_PBS_USE_BRDF2 UNITY_PBS_USE_BRDF3 UNITY_HARDWARE_TIER1 UNITY_HARDWARE_TIER2 UNITY_HARDWARE_TIER3 UNITY_COLORSPACE_GAMMA UNITY_LIGHTMAP_DLDR_ENCODING UNITY_LIGHTMAP_RGBM_ENCODING UNITY_VIRTUAL_TEXTURING UNITY_PRETRANSFORM_TO_DISPLAY_ORIENTATION UNITY_ASTC_NORMALMAP_ENCODING SHADER_API_GLES30 SHADER_API_GLES31 SHADER_API_GLES32 UNITY_UNIFIED_SHADER_PRECISION_MODEL flags=0 lang=3 type=Vertex platform=d3d11 reqs=33 mask=6 start=108
RunExternalCompiler: begin name=FXC
RunExternalCompiler: end
compileSnippet complete
 ok=1 outsize=582

Cmd: compileSnippet
  insize=2362 file=Packages/com.unity.render-pipelines.universal/Shaders/2D/Sprite-Unlit-Default.shader name=Universal Render Pipeline/2D/Sprite-Unlit-Default pass=<Unnamed Pass 0> ppOnly=0 stripLineD=0 buildPlatform=19 rsLen=0 pKW=UNITY_ENABLE_REFLECTION_BUFFERS UNITY_USE_DITHER_MASK_FOR_ALPHABLENDED_SHADOWS UNITY_PBS_USE_BRDF1 UNITY_SPECCUBE_BOX_PROJECTION UNITY_SPECCUBE_BLENDING UNITY_ENABLE_DETAIL_NORMALMAP SHADER_API_DESKTOP UNITY_LIGHT_PROBE_PROXY_VOLUME UNITY_LIGHTMAP_FULL_HDR UNITY_PLATFORM_SUPPORTS_DEPTH_FETCH uKW= dKW=DEBUG_DISPLAY SKINNED_SPRITE INSTANCING_ON UNITY_NO_DXT5nm UNITY_FRAMEBUFFER_FETCH_AVAILABLE UNITY_METAL_SHADOWS_USE_POINT_FILTERING UNITY_NO_SCREENSPACE_SHADOWS UNITY_PBS_USE_BRDF2 UNITY_PBS_USE_BRDF3 UNITY_HARDWARE_TIER1 UNITY_HARDWARE_TIER2 UNITY_HARDWARE_TIER3 UNITY_COLORSPACE_GAMMA UNITY_LIGHTMAP_DLDR_ENCODING UNITY_LIGHTMAP_RGBM_ENCODING UNITY_VIRTUAL_TEXTURING UNITY_PRETRANSFORM_TO_DISPLAY_ORIENTATION UNITY_ASTC_NORMALMAP_ENCODING SHADER_API_GLES30 SHADER_API_GLES31 SHADER_API_GLES32 UNITY_UNIFIED_SHADER_PRECISION_MODEL flags=0 lang=3 type=Fragment platform=d3d11 reqs=33 mask=6 start=26
RunExternalCompiler: begin name=FXC
RunExternalCompiler: end
compileSnippet complete
 ok=1 outsize=434

Cmd: compileSnippet
  insize=780 file=Packages/com.unity.render-pipelines.universal/Shaders/2D/Sprite-Mask.shader name=Universal Render Pipeline/2D/Sprite-Mask pass=<Unnamed Pass 1> ppOnly=0 stripLineD=0 buildPlatform=19 rsLen=0 pKW=UNITY_ENABLE_REFLECTION_BUFFERS UNITY_USE_DITHER_MASK_FOR_ALPHABLENDED_SHADOWS UNITY_PBS_USE_BRDF1 UNITY_SPECCUBE_BOX_PROJECTION UNITY_SPECCUBE_BLENDING UNITY_ENABLE_DETAIL_NORMALMAP SHADER_API_DESKTOP UNITY_LIGHT_PROBE_PROXY_VOLUME UNITY_LIGHTMAP_FULL_HDR UNITY_PLATFORM_SUPPORTS_DEPTH_FETCH uKW= dKW=UNITY_NO_DXT5nm UNITY_FRAMEBUFFER_FETCH_AVAILABLE UNITY_METAL_SHADOWS_USE_POINT_FILTERING UNITY_NO_SCREENSPACE_SHADOWS UNITY_PBS_USE_BRDF2 UNITY_PBS_USE_BRDF3 UNITY_HARDWARE_TIER1 UNITY_HARDWARE_TIER2 UNITY_HARDWARE_TIER3 UNITY_COLORSPACE_GAMMA UNITY_LIGHTMAP_DLDR_ENCODING UNITY_LIGHTMAP_RGBM_ENCODING UNITY_VIRTUAL_TEXTURING UNITY_PRETRANSFORM_TO_DISPLAY_ORIENTATION UNITY_ASTC_NORMALMAP_ENCODING SHADER_API_GLES30 SHADER_API_GLES31 SHADER_API_GLES32 UNITY_UNIFIED_SHADER_PRECISION_MODEL flags=0 lang=3 type=Fragment platform=d3d11 reqs=33 mask=6 start=44
RunExternalCompiler: begin name=FXC
RunExternalCompiler: end
compileSnippet complete
 ok=1 outsize=474

Cmd: compileSnippet
  insize=9852 file=Packages/com.unity.render-pipelines.universal/Shaders/ComplexLit.shader name=Universal Render Pipeline/Complex Lit pass=ForwardLit ppOnly=0 stripLineD=0 buildPlatform=19 rsLen=0 pKW=UNITY_ENABLE_REFLECTION_BUFFERS UNITY_USE_DITHER_MASK_FOR_ALPHABLENDED_SHADOWS UNITY_PBS_USE_BRDF1 UNITY_SPECCUBE_BOX_PROJECTION UNITY_SPECCUBE_BLENDING UNITY_ENABLE_DETAIL_NORMALMAP SHADER_API_DESKTOP UNITY_LIGHT_PROBE_PROXY_VOLUME UNITY_LIGHTMAP_FULL_HDR UNITY_PLATFORM_SUPPORTS_DEPTH_FETCH uKW= dKW=_MAIN_LIGHT_SHADOWS _MAIN_LIGHT_SHADOWS_CASCADE _MAIN_LIGHT_SHADOWS_SCREEN _ADDITIONAL_LIGHTS_VERTEX _ADDITIONAL_LIGHTS EVALUATE_SH_MIXED EVALUATE_SH_VERTEX _LIGHT_LAYERS _CLUSTER_LIGHT_LOOP LIGHTMAP_SHADOW_MIXING SHADOWS_SHADOWMASK DIRLIGHTMAP_COMBINED LIGHTMAP_ON DYNAMICLIGHTMAP_ON USE_LEGACY_LIGHTMAPS LOD_FADE_CROSSFADE PROBE_VOLUMES_L1 PROBE_VOLUMES_L2 DOTS_INSTANCING_ON FOG_LINEAR FOG_EXP FOG_EXP2 INSTANCING_ON _NORMALMAP _PARALLAXMAP _RECEIVE_SHADOWS_OFF _DETAIL_MULX2 _DETAIL_SCALED UNITY_NO_DXT5nm UNITY_FRAMEBUFFER_FETCH_AVAILABLE UNITY_METAL_SHADOWS_USE_POINT_FILTERING UNITY_NO_SCREENSPACE_SHADOWS UNITY_PBS_USE_BRDF2 UNITY_PBS_USE_BRDF3 UNITY_HARDWARE_TIER1 UNITY_HARDWARE_TIER2 UNITY_HARDWARE_TIER3 UNITY_COLORSPACE_GAMMA UNITY_LIGHTMAP_DLDR_ENCODING UNITY_LIGHTMAP_RGBM_ENCODING UNITY_VIRTUAL_TEXTURING UNITY_PRETRANSFORM_TO_DISPLAY_ORIENTATION UNITY_ASTC_NORMALMAP_ENCODING SHADER_API_GLES30 SHADER_API_GLES31 SHADER_API_GLES32 UNITY_UNIFIED_SHADER_PRECISION_MODEL flags=0 lang=3 type=Vertex platform=d3d11 reqs=1 mask=6 start=110
RunExternalCompiler: begin name=FXC
RunExternalCompiler: end
compileSnippet complete
 ok=1 outsize=1254

Cmd: compileSnippet
  insize=2286 file=Packages/com.unity.render-pipelines.universal/Shaders/ComplexLit.shader name=Universal Render Pipeline/Complex Lit pass=Meta ppOnly=0 stripLineD=0 buildPlatform=19 rsLen=0 pKW=UNITY_ENABLE_REFLECTION_BUFFERS UNITY_USE_DITHER_MASK_FOR_ALPHABLENDED_SHADOWS UNITY_PBS_USE_BRDF1 UNITY_SPECCUBE_BOX_PROJECTION UNITY_SPECCUBE_BLENDING UNITY_ENABLE_DETAIL_NORMALMAP SHADER_API_DESKTOP UNITY_LIGHT_PROBE_PROXY_VOLUME UNITY_LIGHTMAP_FULL_HDR UNITY_PLATFORM_SUPPORTS_DEPTH_FETCH UNITY_PASS_META uKW= dKW=EDITOR_VISUALIZATION _SPECULAR_SETUP _EMISSION _METALLICSPECGLOSSMAP _ALPHATEST_ON _SMOOTHNESS_TEXTURE_ALBEDO_CHANNEL_A _SPECGLOSSMAP _DETAIL_MULX2 _DETAIL_SCALED UNITY_NO_DXT5nm UNITY_FRAMEBUFFER_FETCH_AVAILABLE UNITY_METAL_SHADOWS_USE_POINT_FILTERING UNITY_NO_SCREENSPACE_SHADOWS UNITY_PBS_USE_BRDF2 UNITY_PBS_USE_BRDF3 UNITY_HARDWARE_TIER1 UNITY_HARDWARE_TIER2 UNITY_HARDWARE_TIER3 UNITY_COLORSPACE_GAMMA UNITY_LIGHTMAP_DLDR_ENCODING UNITY_LIGHTMAP_RGBM_ENCODING UNITY_VIRTUAL_TEXTURING UNITY_PRETRANSFORM_TO_DISPLAY_ORIENTATION UNITY_ASTC_NORMALMAP_ENCODING SHADER_API_GLES30 SHADER_API_GLES31 SHADER_API_GLES32 UNITY_UNIFIED_SHADER_PRECISION_MODEL flags=0 lang=3 type=Fragment platform=d3d11 reqs=1 mask=6 start=437
RunExternalCompiler: begin name=FXC
RunExternalCompiler: end
compileSnippet complete
 ok=1 outsize=1026

Cmd: compileSnippet
  insize=3628 file=Packages/com.unity.render-pipelines.universal/Shaders/Utils/StencilDeferred.shader name=Hidden/Universal Render Pipeline/StencilDeferred pass=Deferred Directional Light (Lit) ppOnly=0 stripLineD=0 buildPlatform=19 rsLen=0 pKW=UNITY_ENABLE_REFLECTION_BUFFERS UNITY_USE_DITHER_MASK_FOR_ALPHABLENDED_SHADOWS UNITY_PBS_USE_BRDF1 UNITY_SPECCUBE_BOX_PROJECTION UNITY_SPECCUBE_BLENDING UNITY_ENABLE_DETAIL_NORMALMAP SHADER_API_DESKTOP UNITY_LIGHT_PROBE_PROXY_VOLUME UNITY_LIGHTMAP_FULL_HDR UNITY_PLATFORM_SUPPORTS_DEPTH_FETCH uKW= dKW=_LIGHT_LAYERS UNITY_NO_DXT5nm UNITY_FRAMEBUFFER_FETCH_AVAILABLE UNITY_METAL_SHADOWS_USE_POINT_FILTERING UNITY_NO_SCREENSPACE_SHADOWS UNITY_PBS_USE_BRDF2 UNITY_PBS_USE_BRDF3 UNITY_HARDWARE_TIER1 UNITY_HARDWARE_TIER2 UNITY_HARDWARE_TIER3 UNITY_COLORSPACE_GAMMA UNITY_LIGHTMAP_DLDR_ENCODING UNITY_LIGHTMAP_RGBM_ENCODING UNITY_VIRTUAL_TEXTURING UNITY_PRETRANSFORM_TO_DISPLAY_ORIENTATION UNITY_ASTC_NORMALMAP_ENCODING SHADER_API_GLES30 SHADER_API_GLES31 SHADER_API_GLES32 UNITY_UNIFIED_SHADER_PRECISION_MODEL flags=0 lang=3 type=Vertex platform=d3d11 reqs=1101803 mask=6 start=237
RunExternalCompiler: begin name=FXC
RunExternalCompiler: end
compileSnippet complete
 ok=1 outsize=510

Cmd: compileSnippet
  insize=2074 file=Packages/com.unity.render-pipelines.universal/Shaders/Utils/StencilDeferred.shader name=Hidden/Universal Render Pipeline/StencilDeferred pass=Fog ppOnly=0 stripLineD=0 buildPlatform=19 rsLen=0 pKW=UNITY_ENABLE_REFLECTION_BUFFERS UNITY_USE_DITHER_MASK_FOR_ALPHABLENDED_SHADOWS UNITY_PBS_USE_BRDF1 UNITY_SPECCUBE_BOX_PROJECTION UNITY_SPECCUBE_BLENDING UNITY_ENABLE_DETAIL_NORMALMAP SHADER_API_DESKTOP UNITY_LIGHT_PROBE_PROXY_VOLUME UNITY_LIGHTMAP_FULL_HDR UNITY_PLATFORM_SUPPORTS_DEPTH_FETCH uKW= dKW=FOG_LINEAR FOG_EXP FOG_EXP2 UNITY_NO_DXT5nm UNITY_FRAMEBUFFER_FETCH_AVAILABLE UNITY_METAL_SHADOWS_USE_POINT_FILTERING UNITY_NO_SCREENSPACE_SHADOWS UNITY_PBS_USE_BRDF2 UNITY_PBS_USE_BRDF3 UNITY_HARDWARE_TIER1 UNITY_HARDWARE_TIER2 UNITY_HARDWARE_TIER3 UNITY_COLORSPACE_GAMMA UNITY_LIGHTMAP_DLDR_ENCODING UNITY_LIGHTMAP_RGBM_ENCODING UNITY_VIRTUAL_TEXTURING UNITY_PRETRANSFORM_TO_DISPLAY_ORIENTATION UNITY_ASTC_NORMALMAP_ENCODING SHADER_API_GLES30 SHADER_API_GLES31 SHADER_API_GLES32 UNITY_UNIFIED_SHADER_PRECISION_MODEL flags=0 lang=3 type=Vertex platform=d3d11 reqs=1101803 mask=6 start=357
RunExternalCompiler: begin name=FXC
RunExternalCompiler: end
compileSnippet complete
 ok=1 outsize=326

Cmd: compileSnippet
  insize=2430 file=Packages/com.unity.render-pipelines.universal/Shaders/XR/XROcclusionMesh.shader name=Hidden/Universal Render Pipeline/XR/XROcclusionMesh pass=<Unnamed Pass 0> ppOnly=0 stripLineD=0 buildPlatform=19 rsLen=0 pKW=UNITY_ENABLE_REFLECTION_BUFFERS UNITY_USE_DITHER_MASK_FOR_ALPHABLENDED_SHADOWS UNITY_PBS_USE_BRDF1 UNITY_SPECCUBE_BOX_PROJECTION UNITY_SPECCUBE_BLENDING UNITY_ENABLE_DETAIL_NORMALMAP SHADER_API_DESKTOP UNITY_LIGHT_PROBE_PROXY_VOLUME UNITY_LIGHTMAP_FULL_HDR UNITY_PLATFORM_SUPPORTS_DEPTH_FETCH uKW= dKW=XR_OCCLUSION_MESH_COMBINED UNITY_NO_DXT5nm UNITY_FRAMEBUFFER_FETCH_AVAILABLE UNITY_METAL_SHADOWS_USE_POINT_FILTERING UNITY_NO_SCREENSPACE_SHADOWS UNITY_PBS_USE_BRDF2 UNITY_PBS_USE_BRDF3 UNITY_HARDWARE_TIER1 UNITY_HARDWARE_TIER2 UNITY_HARDWARE_TIER3 UNITY_COLORSPACE_GAMMA UNITY_LIGHTMAP_DLDR_ENCODING UNITY_LIGHTMAP_RGBM_ENCODING UNITY_VIRTUAL_TEXTURING UNITY_PRETRANSFORM_TO_DISPLAY_ORIENTATION UNITY_ASTC_NORMALMAP_ENCODING SHADER_API_GLES30 SHADER_API_GLES31 SHADER_API_GLES32 UNITY_UNIFIED_SHADER_PRECISION_MODEL flags=0 lang=3 type=Fragment platform=d3d11 reqs=33 mask=6 start=64
RunExternalCompiler: begin name=FXC
RunExternalCompiler: end
compileSnippet complete
 ok=1 outsize=214

Cmd: compileSnippet
  insize=1343 file=Packages/com.unity.render-pipelines.universal/Shaders/2D/Shadow2D-Unshadow-Geometry.shader name=Hidden/Shadow2DUnshadowGeometry pass=Geometry Unshadow (0) - Stencil: Ref 1, Comp Always, Pass Replace ppOnly=0 stripLineD=0 buildPlatform=19 rsLen=0 pKW=UNITY_ENABLE_REFLECTION_BUFFERS UNITY_USE_DITHER_MASK_FOR_ALPHABLENDED_SHADOWS UNITY_PBS_USE_BRDF1 UNITY_SPECCUBE_BOX_PROJECTION UNITY_SPECCUBE_BLENDING UNITY_ENABLE_DETAIL_NORMALMAP SHADER_API_DESKTOP UNITY_LIGHT_PROBE_PROXY_VOLUME UNITY_LIGHTMAP_FULL_HDR UNITY_PLATFORM_SUPPORTS_DEPTH_FETCH uKW= dKW=UNITY_NO_DXT5nm UNITY_FRAMEBUFFER_FETCH_AVAILABLE UNITY_METAL_SHADOWS_USE_POINT_FILTERING UNITY_NO_SCREENSPACE_SHADOWS UNITY_PBS_USE_BRDF2 UNITY_PBS_USE_BRDF3 UNITY_HARDWARE_TIER1 UNITY_HARDWARE_TIER2 UNITY_HARDWARE_TIER3 UNITY_COLORSPACE_GAMMA UNITY_LIGHTMAP_DLDR_ENCODING UNITY_LIGHTMAP_RGBM_ENCODING UNITY_VIRTUAL_TEXTURING UNITY_PRETRANSFORM_TO_DISPLAY_ORIENTATION UNITY_ASTC_NORMALMAP_ENCODING SHADER_API_GLES30 SHADER_API_GLES31 SHADER_API_GLES32 UNITY_UNIFIED_SHADER_PRECISION_MODEL flags=0 lang=3 type=Fragment platform=d3d11 reqs=33 mask=6 start=28
RunExternalCompiler: begin name=FXC
RunExternalCompiler: end
compileSnippet complete
 ok=1 outsize=286

Cmd: compileSnippet
  insize=1589 file=Packages/com.unity.render-pipelines.universal/Shaders/Utils/Sampling.shader name=Hidden/Universal Render Pipeline/Sampling pass=BoxDownsample ppOnly=0 stripLineD=0 buildPlatform=19 rsLen=0 pKW=UNITY_ENABLE_REFLECTION_BUFFERS UNITY_USE_DITHER_MASK_FOR_ALPHABLENDED_SHADOWS UNITY_PBS_USE_BRDF1 UNITY_SPECCUBE_BOX_PROJECTION UNITY_SPECCUBE_BLENDING UNITY_ENABLE_DETAIL_NORMALMAP SHADER_API_DESKTOP UNITY_LIGHT_PROBE_PROXY_VOLUME UNITY_LIGHTMAP_FULL_HDR UNITY_PLATFORM_SUPPORTS_DEPTH_FETCH uKW= dKW=UNITY_NO_DXT5nm UNITY_FRAMEBUFFER_FETCH_AVAILABLE UNITY_METAL_SHADOWS_USE_POINT_FILTERING UNITY_NO_SCREENSPACE_SHADOWS UNITY_PBS_USE_BRDF2 UNITY_PBS_USE_BRDF3 UNITY_HARDWARE_TIER1 UNITY_HARDWARE_TIER2 UNITY_HARDWARE_TIER3 UNITY_COLORSPACE_GAMMA UNITY_LIGHTMAP_DLDR_ENCODING UNITY_LIGHTMAP_RGBM_ENCODING UNITY_VIRTUAL_TEXTURING UNITY_PRETRANSFORM_TO_DISPLAY_ORIENTATION UNITY_ASTC_NORMALMAP_ENCODING SHADER_API_GLES30 SHADER_API_GLES31 SHADER_API_GLES32 UNITY_UNIFIED_SHADER_PRECISION_MODEL flags=0 lang=3 type=Fragment platform=d3d11 reqs=33 mask=6 start=16
RunExternalCompiler: begin name=FXC
RunExternalCompiler: end
compileSnippet complete
 ok=1 outsize=758

Cmd: compileSnippet
  insize=1722 file=Packages/com.unity.render-pipelines.universal/Shaders/PostProcessing/LensFlareDataDriven.shader name=Hidden/Universal Render Pipeline/LensFlareDataDriven pass=LensFlareAdditive ppOnly=0 stripLineD=0 buildPlatform=19 rsLen=0 pKW=UNITY_ENABLE_REFLECTION_BUFFERS UNITY_USE_DITHER_MASK_FOR_ALPHABLENDED_SHADOWS UNITY_PBS_USE_BRDF1 UNITY_SPECCUBE_BOX_PROJECTION UNITY_SPECCUBE_BLENDING UNITY_ENABLE_DETAIL_NORMALMAP SHADER_API_DESKTOP UNITY_LIGHT_PROBE_PROXY_VOLUME UNITY_LIGHTMAP_FULL_HDR UNITY_PLATFORM_SUPPORTS_DEPTH_FETCH uKW= dKW=FLARE_INVERSE_SDF FLARE_HAS_OCCLUSION UNITY_NO_DXT5nm UNITY_FRAMEBUFFER_FETCH_AVAILABLE UNITY_METAL_SHADOWS_USE_POINT_FILTERING UNITY_NO_SCREENSPACE_SHADOWS UNITY_PBS_USE_BRDF2 UNITY_PBS_USE_BRDF3 UNITY_HARDWARE_TIER1 UNITY_HARDWARE_TIER2 UNITY_HARDWARE_TIER3 UNITY_COLORSPACE_GAMMA UNITY_LIGHTMAP_DLDR_ENCODING UNITY_LIGHTMAP_RGBM_ENCODING UNITY_VIRTUAL_TEXTURING UNITY_PRETRANSFORM_TO_DISPLAY_ORIENTATION UNITY_ASTC_NORMALMAP_ENCODING SHADER_API_GLES30 SHADER_API_GLES31 SHADER_API_GLES32 UNITY_UNIFIED_SHADER_PRECISION_MODEL flags=0 lang=3 type=Fragment platform=d3d11 reqs=227 mask=6 start=19
RunExternalCompiler: begin name=FXC
RunExternalCompiler: end
compileSnippet complete
 ok=1 outsize=8034

Cmd: compileSnippet
  insize=5561 file=Packages/com.unity.render-pipelines.universal/Shaders/CameraMotionVectors.shader name=Hidden/Universal Render Pipeline/CameraMotionVectors pass=Camera Motion Vectors ppOnly=0 stripLineD=0 buildPlatform=19 rsLen=0 pKW=UNITY_ENABLE_REFLECTION_BUFFERS UNITY_USE_DITHER_MASK_FOR_ALPHABLENDED_SHADOWS UNITY_PBS_USE_BRDF1 UNITY_SPECCUBE_BOX_PROJECTION UNITY_SPECCUBE_BLENDING UNITY_ENABLE_DETAIL_NORMALMAP SHADER_API_DESKTOP UNITY_LIGHT_PROBE_PROXY_VOLUME UNITY_LIGHTMAP_FULL_HDR UNITY_PLATFORM_SUPPORTS_DEPTH_FETCH uKW= dKW=UNITY_NO_DXT5nm UNITY_FRAMEBUFFER_FETCH_AVAILABLE UNITY_METAL_SHADOWS_USE_POINT_FILTERING UNITY_NO_SCREENSPACE_SHADOWS UNITY_PBS_USE_BRDF2 UNITY_PBS_USE_BRDF3 UNITY_HARDWARE_TIER1 UNITY_HARDWARE_TIER2 UNITY_HARDWARE_TIER3 UNITY_COLORSPACE_GAMMA UNITY_LIGHTMAP_DLDR_ENCODING UNITY_LIGHTMAP_RGBM_ENCODING UNITY_VIRTUAL_TEXTURING UNITY_PRETRANSFORM_TO_DISPLAY_ORIENTATION UNITY_ASTC_NORMALMAP_ENCODING SHADER_API_GLES30 SHADER_API_GLES31 SHADER_API_GLES32 UNITY_UNIFIED_SHADER_PRECISION_MODEL flags=0 lang=3 type=Fragment platform=d3d11 reqs=4075 mask=6 start=12
RunExternalCompiler: begin name=FXC
RunExternalCompiler: end
compileSnippet complete
 ok=1 outsize=1218

Cmd: compileSnippet
  insize=1973 file=Packages/com.unity.render-pipelines.universal/Shaders/Nature/SpeedTree8.shader name=Universal Render Pipeline/Nature/SpeedTree8 pass=SceneSelectionPass ppOnly=0 stripLineD=0 buildPlatform=19 rsLen=0 pKW=UNITY_ENABLE_REFLECTION_BUFFERS UNITY_USE_DITHER_MASK_FOR_ALPHABLENDED_SHADOWS UNITY_PBS_USE_BRDF1 UNITY_SPECCUBE_BOX_PROJECTION UNITY_SPECCUBE_BLENDING UNITY_ENABLE_DETAIL_NORMALMAP SHADER_API_DESKTOP UNITY_LIGHT_PROBE_PROXY_VOLUME UNITY_LIGHTMAP_FULL_HDR UNITY_PLATFORM_SUPPORTS_DEPTH_FETCH uKW=LOD_FADE_PERCENTAGE _WINDQUALITY_NONE dKW=LOD_FADE_CROSSFADE INSTANCING_ON _WINDQUALITY_FAST _WINDQUALITY_BETTER _WINDQUALITY_BEST _WINDQUALITY_PALM EFFECT_BILLBOARD UNITY_NO_DXT5nm UNITY_FRAMEBUFFER_FETCH_AVAILABLE UNITY_METAL_SHADOWS_USE_POINT_FILTERING UNITY_NO_SCREENSPACE_SHADOWS UNITY_PBS_USE_BRDF2 UNITY_PBS_USE_BRDF3 UNITY_HARDWARE_TIER1 UNITY_HARDWARE_TIER2 UNITY_HARDWARE_TIER3 UNITY_COLORSPACE_GAMMA UNITY_LIGHTMAP_DLDR_ENCODING UNITY_LIGHTMAP_RGBM_ENCODING UNITY_VIRTUAL_TEXTURING UNITY_PRETRANSFORM_TO_DISPLAY_ORIENTATION UNITY_ASTC_NORMALMAP_ENCODING SHADER_API_GLES30 SHADER_API_GLES31 SHADER_API_GLES32 UNITY_UNIFIED_SHADER_PRECISION_MODEL flags=0 lang=3 type=Vertex platform=d3d11 reqs=33 mask=6 start=104
RunExternalCompiler: begin name=FXC
RunExternalCompiler: end
compileSnippet complete
 ok=1 outsize=2674

Cmd: compileSnippet
  insize=2378 file=Packages/com.unity.render-pipelines.universal/Shaders/Nature/SpeedTree8.shader name=Universal Render Pipeline/Nature/SpeedTree8 pass=ShadowCaster ppOnly=0 stripLineD=0 buildPlatform=19 rsLen=0 pKW=UNITY_ENABLE_REFLECTION_BUFFERS UNITY_USE_DITHER_MASK_FOR_ALPHABLENDED_SHADOWS UNITY_PBS_USE_BRDF1 UNITY_SPECCUBE_BOX_PROJECTION UNITY_SPECCUBE_BLENDING UNITY_ENABLE_DETAIL_NORMALMAP SHADER_API_DESKTOP UNITY_LIGHT_PROBE_PROXY_VOLUME UNITY_LIGHTMAP_FULL_HDR UNITY_PLATFORM_SUPPORTS_DEPTH_FETCH UNITY_PASS_SHADOWCASTER uKW= dKW=LOD_FADE_CROSSFADE INSTANCING_ON EFFECT_BILLBOARD UNITY_NO_DXT5nm UNITY_FRAMEBUFFER_FETCH_AVAILABLE UNITY_METAL_SHADOWS_USE_POINT_FILTERING UNITY_NO_SCREENSPACE_SHADOWS UNITY_PBS_USE_BRDF2 UNITY_PBS_USE_BRDF3 UNITY_HARDWARE_TIER1 UNITY_HARDWARE_TIER2 UNITY_HARDWARE_TIER3 UNITY_COLORSPACE_GAMMA UNITY_LIGHTMAP_DLDR_ENCODING UNITY_LIGHTMAP_RGBM_ENCODING UNITY_VIRTUAL_TEXTURING UNITY_PRETRANSFORM_TO_DISPLAY_ORIENTATION UNITY_ASTC_NORMALMAP_ENCODING SHADER_API_GLES30 SHADER_API_GLES31 SHADER_API_GLES32 UNITY_UNIFIED_SHADER_PRECISION_MODEL flags=0 lang=3 type=Fragment platform=d3d11 reqs=33 mask=6 start=184
RunExternalCompiler: begin name=FXC
RunExternalCompiler: end
compileSnippet complete
 ok=1 outsize=926

Cmd: compileSnippet
  insize=5023 file=Packages/com.unity.render-pipelines.universal/Shaders/Terrain/WavingGrass.shader name=Hidden/TerrainEngine/Details/UniversalPipeline/WavingDoublePass pass=GBuffer ppOnly=0 stripLineD=0 buildPlatform=19 rsLen=0 pKW=UNITY_ENABLE_REFLECTION_BUFFERS UNITY_USE_DITHER_MASK_FOR_ALPHABLENDED_SHADOWS UNITY_PBS_USE_BRDF1 UNITY_SPECCUBE_BOX_PROJECTION UNITY_SPECCUBE_BLENDING UNITY_ENABLE_DETAIL_NORMALMAP SHADER_API_DESKTOP UNITY_LIGHT_PROBE_PROXY_VOLUME UNITY_LIGHTMAP_FULL_HDR UNITY_PLATFORM_SUPPORTS_DEPTH_FETCH uKW= dKW=_MAIN_LIGHT_SHADOWS _MAIN_LIGHT_SHADOWS_CASCADE _MAIN_LIGHT_SHADOWS_SCREEN EVALUATE_SH_MIXED EVALUATE_SH_VERTEX PROBE_VOLUMES_L1 PROBE_VOLUMES_L2 LIGHTMAP_ON SHADOWS_SHADOWMASK DIRLIGHTMAP_COMBINED LIGHTMAP_SHADOW_MIXING INSTANCING_ON UNITY_NO_DXT5nm UNITY_FRAMEBUFFER_FETCH_AVAILABLE UNITY_METAL_SHADOWS_USE_POINT_FILTERING UNITY_NO_SCREENSPACE_SHADOWS UNITY_PBS_USE_BRDF2 UNITY_PBS_USE_BRDF3 UNITY_HARDWARE_TIER1 UNITY_HARDWARE_TIER2 UNITY_HARDWARE_TIER3 UNITY_COLORSPACE_GAMMA UNITY_LIGHTMAP_DLDR_ENCODING UNITY_LIGHTMAP_RGBM_ENCODING UNITY_VIRTUAL_TEXTURING UNITY_PRETRANSFORM_TO_DISPLAY_ORIENTATION UNITY_ASTC_NORMALMAP_ENCODING SHADER_API_GLES30 SHADER_API_GLES31 SHADER_API_GLES32 UNITY_UNIFIED_SHADER_PRECISION_MODEL flags=0 lang=3 type=Vertex platform=d3d11 reqs=1101803 mask=6 start=86
RunExternalCompiler: begin name=FXC
RunExternalCompiler: end
compileSnippet complete
 ok=1 outsize=2670

Cmd: compileSnippet
  insize=1984 file=Packages/com.unity.render-pipelines.universal/Shaders/BRGPicking.shader name=Hidden/Universal Render Pipeline/BRGPicking pass=ScenePickingPass ppOnly=0 stripLineD=0 buildPlatform=19 rsLen=0 pKW=UNITY_ENABLE_REFLECTION_BUFFERS UNITY_USE_DITHER_MASK_FOR_ALPHABLENDED_SHADOWS UNITY_PBS_USE_BRDF1 UNITY_SPECCUBE_BOX_PROJECTION UNITY_SPECCUBE_BLENDING UNITY_ENABLE_DETAIL_NORMALMAP SHADER_API_DESKTOP UNITY_LIGHT_PROBE_PROXY_VOLUME UNITY_LIGHTMAP_FULL_HDR UNITY_PLATFORM_SUPPORTS_DEPTH_FETCH uKW=DOTS_INSTANCING_ON dKW=UNITY_NO_DXT5nm UNITY_FRAMEBUFFER_FETCH_AVAILABLE UNITY_METAL_SHADOWS_USE_POINT_FILTERING UNITY_NO_SCREENSPACE_SHADOWS UNITY_PBS_USE_BRDF2 UNITY_PBS_USE_BRDF3 UNITY_HARDWARE_TIER1 UNITY_HARDWARE_TIER2 UNITY_HARDWARE_TIER3 UNITY_COLORSPACE_GAMMA UNITY_LIGHTMAP_DLDR_ENCODING UNITY_LIGHTMAP_RGBM_ENCODING UNITY_VIRTUAL_TEXTURING UNITY_PRETRANSFORM_TO_DISPLAY_ORIENTATION UNITY_ASTC_NORMALMAP_ENCODING SHADER_API_GLES30 SHADER_API_GLES31 SHADER_API_GLES32 UNITY_UNIFIED_SHADER_PRECISION_MODEL flags=0 lang=3 type=Vertex platform=d3d11 reqs=1101803 mask=6 start=29
RunExternalCompiler: begin name=FXC
RunExternalCompiler: end
compileSnippet complete
 ok=1 outsize=1462

Cmd: compileSnippet
  insize=20655 file=Packages/com.unity.render-pipelines.universal/Tests/Editor/PostProcessDataTests/2.shader name=Custom/Test Shader pass=FORWARD ppOnly=0 stripLineD=0 buildPlatform=19 rsLen=0 pKW=UNITY_ENABLE_REFLECTION_BUFFERS UNITY_USE_DITHER_MASK_FOR_ALPHABLENDED_SHADOWS UNITY_PBS_USE_BRDF1 UNITY_SPECCUBE_BOX_PROJECTION UNITY_SPECCUBE_BLENDING UNITY_ENABLE_DETAIL_NORMALMAP SHADER_API_DESKTOP UNITY_LIGHT_PROBE_PROXY_VOLUME UNITY_LIGHTMAP_FULL_HDR UNITY_PLATFORM_SUPPORTS_DEPTH_FETCH UNITY_PASS_FORWARDBASE uKW=DIRECTIONAL dKW=INSTANCING_ON FOG_LINEAR FOG_EXP FOG_EXP2 LIGHTPROBE_SH SHADOWS_SHADOWMASK DYNAMICLIGHTMAP_ON LIGHTMAP_ON LIGHTMAP_SHADOW_MIXING DIRLIGHTMAP_COMBINED SHADOWS_SCREEN VERTEXLIGHT_ON UNITY_NO_DXT5nm UNITY_FRAMEBUFFER_FETCH_AVAILABLE UNITY_METAL_SHADOWS_USE_POINT_FILTERING UNITY_NO_SCREENSPACE_SHADOWS UNITY_PBS_USE_BRDF2 UNITY_PBS_USE_BRDF3 UNITY_HARDWARE_TIER1 UNITY_HARDWARE_TIER2 UNITY_HARDWARE_TIER3 UNITY_COLORSPACE_GAMMA UNITY_LIGHTMAP_DLDR_ENCODING UNITY_LIGHTMAP_RGBM_ENCODING UNITY_VIRTUAL_TEXTURING UNITY_PRETRANSFORM_TO_DISPLAY_ORIENTATION UNITY_ASTC_NORMALMAP_ENCODING SHADER_API_GLES30 SHADER_API_GLES31 SHADER_API_GLES32 UNITY_UNIFIED_SHADER_PRECISION_MODEL flags=0 lang=0 type=Vertex platform=d3d11 reqs=227 mask=6 start=25
RunExternalCompiler: begin name=FXC
RunExternalCompiler: end
compileSnippet complete
 ok=1 outsize=1318

Cmd: compileSnippet
  insize=20655 file=Packages/com.unity.render-pipelines.universal/Tests/Editor/PostProcessDataTests/1.shader name=Custom/Test Shader pass=FORWARD ppOnly=0 stripLineD=0 buildPlatform=19 rsLen=0 pKW=UNITY_ENABLE_REFLECTION_BUFFERS UNITY_USE_DITHER_MASK_FOR_ALPHABLENDED_SHADOWS UNITY_PBS_USE_BRDF1 UNITY_SPECCUBE_BOX_PROJECTION UNITY_SPECCUBE_BLENDING UNITY_ENABLE_DETAIL_NORMALMAP SHADER_API_DESKTOP UNITY_LIGHT_PROBE_PROXY_VOLUME UNITY_LIGHTMAP_FULL_HDR UNITY_PLATFORM_SUPPORTS_DEPTH_FETCH UNITY_PASS_FORWARDBASE uKW=DIRECTIONAL dKW=INSTANCING_ON FOG_LINEAR FOG_EXP FOG_EXP2 LIGHTPROBE_SH SHADOWS_SHADOWMASK DYNAMICLIGHTMAP_ON LIGHTMAP_ON LIGHTMAP_SHADOW_MIXING DIRLIGHTMAP_COMBINED SHADOWS_SCREEN VERTEXLIGHT_ON UNITY_NO_DXT5nm UNITY_FRAMEBUFFER_FETCH_AVAILABLE UNITY_METAL_SHADOWS_USE_POINT_FILTERING UNITY_NO_SCREENSPACE_SHADOWS UNITY_PBS_USE_BRDF2 UNITY_PBS_USE_BRDF3 UNITY_HARDWARE_TIER1 UNITY_HARDWARE_TIER2 UNITY_HARDWARE_TIER3 UNITY_COLORSPACE_GAMMA UNITY_LIGHTMAP_DLDR_ENCODING UNITY_LIGHTMAP_RGBM_ENCODING UNITY_VIRTUAL_TEXTURING UNITY_PRETRANSFORM_TO_DISPLAY_ORIENTATION UNITY_ASTC_NORMALMAP_ENCODING SHADER_API_GLES30 SHADER_API_GLES31 SHADER_API_GLES32 UNITY_UNIFIED_SHADER_PRECISION_MODEL flags=0 lang=0 type=Vertex platform=d3d11 reqs=227 mask=6 start=25
RunExternalCompiler: begin name=FXC
RunExternalCompiler: end
compileSnippet complete
 ok=1 outsize=1318

Cmd: compileSnippet
  insize=10820 file=Packages/com.unity.render-pipelines.universal/Shaders/PostProcessing/BokehDepthOfField.shader name=Hidden/Universal Render Pipeline/BokehDepthOfField pass=Bokeh Depth Of Field Prefilter ppOnly=0 stripLineD=0 buildPlatform=19 rsLen=0 pKW=UNITY_ENABLE_REFLECTION_BUFFERS UNITY_USE_DITHER_MASK_FOR_ALPHABLENDED_SHADOWS UNITY_PBS_USE_BRDF1 UNITY_SPECCUBE_BOX_PROJECTION UNITY_SPECCUBE_BLENDING UNITY_ENABLE_DETAIL_NORMALMAP SHADER_API_DESKTOP UNITY_LIGHT_PROBE_PROXY_VOLUME UNITY_LIGHTMAP_FULL_HDR UNITY_PLATFORM_SUPPORTS_DEPTH_FETCH uKW= dKW=_USE_FAST_SRGB_LINEAR_CONVERSION UNITY_NO_DXT5nm UNITY_FRAMEBUFFER_FETCH_AVAILABLE UNITY_METAL_SHADOWS_USE_POINT_FILTERING UNITY_NO_SCREENSPACE_SHADOWS UNITY_PBS_USE_BRDF2 UNITY_PBS_USE_BRDF3 UNITY_HARDWARE_TIER1 UNITY_HARDWARE_TIER2 UNITY_HARDWARE_TIER3 UNITY_COLORSPACE_GAMMA UNITY_LIGHTMAP_DLDR_ENCODING UNITY_LIGHTMAP_RGBM_ENCODING UNITY_VIRTUAL_TEXTURING UNITY_PRETRANSFORM_TO_DISPLAY_ORIENTATION UNITY_ASTC_NORMALMAP_ENCODING SHADER_API_GLES30 SHADER_API_GLES31 SHADER_API_GLES32 UNITY_UNIFIED_SHADER_PRECISION_MODEL flags=0 lang=3 type=Fragment platform=d3d11 reqs=1101803 mask=6 start=255
RunExternalCompiler: begin name=FXC
RunExternalCompiler: end
compileSnippet complete
 ok=1 outsize=1414

Cmd: compileSnippet
  insize=10945 file=Packages/com.unity.render-pipelines.universal/Shaders/PostProcessing/BokehDepthOfField.shader name=Hidden/Universal Render Pipeline/BokehDepthOfField pass=Bokeh Depth Of Field Composite ppOnly=0 stripLineD=0 buildPlatform=19 rsLen=0 pKW=UNITY_ENABLE_REFLECTION_BUFFERS UNITY_USE_DITHER_MASK_FOR_ALPHABLENDED_SHADOWS UNITY_PBS_USE_BRDF1 UNITY_SPECCUBE_BOX_PROJECTION UNITY_SPECCUBE_BLENDING UNITY_ENABLE_DETAIL_NORMALMAP SHADER_API_DESKTOP UNITY_LIGHT_PROBE_PROXY_VOLUME UNITY_LIGHTMAP_FULL_HDR UNITY_PLATFORM_SUPPORTS_DEPTH_FETCH uKW= dKW=_ENABLE_ALPHA_OUTPUT _USE_FAST_SRGB_LINEAR_CONVERSION UNITY_NO_DXT5nm UNITY_FRAMEBUFFER_FETCH_AVAILABLE UNITY_METAL_SHADOWS_USE_POINT_FILTERING UNITY_NO_SCREENSPACE_SHADOWS UNITY_PBS_USE_BRDF2 UNITY_PBS_USE_BRDF3 UNITY_HARDWARE_TIER1 UNITY_HARDWARE_TIER2 UNITY_HARDWARE_TIER3 UNITY_COLORSPACE_GAMMA UNITY_LIGHTMAP_DLDR_ENCODING UNITY_LIGHTMAP_RGBM_ENCODING UNITY_VIRTUAL_TEXTURING UNITY_PRETRANSFORM_TO_DISPLAY_ORIENTATION UNITY_ASTC_NORMALMAP_ENCODING SHADER_API_GLES30 SHADER_API_GLES31 SHADER_API_GLES32 UNITY_UNIFIED_SHADER_PRECISION_MODEL flags=0 lang=3 type=Fragment platform=d3d11 reqs=1101803 mask=6 start=288
RunExternalCompiler: begin name=FXC
RunExternalCompiler: end
compileSnippet complete
 ok=1 outsize=1178

Cmd: compileSnippet
  insize=10815 file=Packages/com.unity.render-pipelines.universal/Shaders/PostProcessing/BokehDepthOfField.shader name=Hidden/Universal Render Pipeline/BokehDepthOfField pass=Bokeh Depth Of Field Blur ppOnly=0 stripLineD=0 buildPlatform=19 rsLen=0 pKW=UNITY_ENABLE_REFLECTION_BUFFERS UNITY_USE_DITHER_MASK_FOR_ALPHABLENDED_SHADOWS UNITY_PBS_USE_BRDF1 UNITY_SPECCUBE_BOX_PROJECTION UNITY_SPECCUBE_BLENDING UNITY_ENABLE_DETAIL_NORMALMAP SHADER_API_DESKTOP UNITY_LIGHT_PROBE_PROXY_VOLUME UNITY_LIGHTMAP_FULL_HDR UNITY_PLATFORM_SUPPORTS_DEPTH_FETCH uKW= dKW=UNITY_NO_DXT5nm UNITY_FRAMEBUFFER_FETCH_AVAILABLE UNITY_METAL_SHADOWS_USE_POINT_FILTERING UNITY_NO_SCREENSPACE_SHADOWS UNITY_PBS_USE_BRDF2 UNITY_PBS_USE_BRDF3 UNITY_HARDWARE_TIER1 UNITY_HARDWARE_TIER2 UNITY_HARDWARE_TIER3 UNITY_COLORSPACE_GAMMA UNITY_LIGHTMAP_DLDR_ENCODING UNITY_LIGHTMAP_RGBM_ENCODING UNITY_VIRTUAL_TEXTURING UNITY_PRETRANSFORM_TO_DISPLAY_ORIENTATION UNITY_ASTC_NORMALMAP_ENCODING SHADER_API_GLES30 SHADER_API_GLES31 SHADER_API_GLES32 UNITY_UNIFIED_SHADER_PRECISION_MODEL flags=0 lang=3 type=Vertex platform=d3d11 reqs=4075 mask=6 start=330
RunExternalCompiler: begin name=FXC
RunExternalCompiler: end
compileSnippet complete
 ok=1 outsize=582

Cmd: compileSnippet
  insize=10945 file=Packages/com.unity.render-pipelines.universal/Shaders/PostProcessing/BokehDepthOfField.shader name=Hidden/Universal Render Pipeline/BokehDepthOfField pass=Bokeh Depth Of Field Composite ppOnly=0 stripLineD=0 buildPlatform=19 rsLen=0 pKW=UNITY_ENABLE_REFLECTION_BUFFERS UNITY_USE_DITHER_MASK_FOR_ALPHABLENDED_SHADOWS UNITY_PBS_USE_BRDF1 UNITY_SPECCUBE_BOX_PROJECTION UNITY_SPECCUBE_BLENDING UNITY_ENABLE_DETAIL_NORMALMAP SHADER_API_DESKTOP UNITY_LIGHT_PROBE_PROXY_VOLUME UNITY_LIGHTMAP_FULL_HDR UNITY_PLATFORM_SUPPORTS_DEPTH_FETCH uKW= dKW=_ENABLE_ALPHA_OUTPUT _USE_FAST_SRGB_LINEAR_CONVERSION UNITY_NO_DXT5nm UNITY_FRAMEBUFFER_FETCH_AVAILABLE UNITY_METAL_SHADOWS_USE_POINT_FILTERING UNITY_NO_SCREENSPACE_SHADOWS UNITY_PBS_USE_BRDF2 UNITY_PBS_USE_BRDF3 UNITY_HARDWARE_TIER1 UNITY_HARDWARE_TIER2 UNITY_HARDWARE_TIER3 UNITY_COLORSPACE_GAMMA UNITY_LIGHTMAP_DLDR_ENCODING UNITY_LIGHTMAP_RGBM_ENCODING UNITY_VIRTUAL_TEXTURING UNITY_PRETRANSFORM_TO_DISPLAY_ORIENTATION UNITY_ASTC_NORMALMAP_ENCODING SHADER_API_GLES30 SHADER_API_GLES31 SHADER_API_GLES32 UNITY_UNIFIED_SHADER_PRECISION_MODEL flags=0 lang=3 type=Fragment platform=d3d11 reqs=4075 mask=6 start=352
RunExternalCompiler: begin name=FXC
RunExternalCompiler: end
compileSnippet complete
 ok=1 outsize=1150

Cmd: compileSnippet
  insize=2521 file=Packages/com.unity.render-pipelines.universal/Shaders/BakedLit.shader name=Universal Render Pipeline/Baked Lit pass=DepthNormalsOnly ppOnly=0 stripLineD=0 buildPlatform=19 rsLen=0 pKW=UNITY_ENABLE_REFLECTION_BUFFERS UNITY_USE_DITHER_MASK_FOR_ALPHABLENDED_SHADOWS UNITY_PBS_USE_BRDF1 UNITY_SPECCUBE_BOX_PROJECTION UNITY_SPECCUBE_BLENDING UNITY_ENABLE_DETAIL_NORMALMAP SHADER_API_DESKTOP UNITY_LIGHT_PROBE_PROXY_VOLUME UNITY_LIGHTMAP_FULL_HDR UNITY_PLATFORM_SUPPORTS_DEPTH_FETCH uKW= dKW=LOD_FADE_CROSSFADE DOTS_INSTANCING_ON INSTANCING_ON _NORMALMAP UNITY_NO_DXT5nm UNITY_FRAMEBUFFER_FETCH_AVAILABLE UNITY_METAL_SHADOWS_USE_POINT_FILTERING UNITY_NO_SCREENSPACE_SHADOWS UNITY_PBS_USE_BRDF2 UNITY_PBS_USE_BRDF3 UNITY_HARDWARE_TIER1 UNITY_HARDWARE_TIER2 UNITY_HARDWARE_TIER3 UNITY_COLORSPACE_GAMMA UNITY_LIGHTMAP_DLDR_ENCODING UNITY_LIGHTMAP_RGBM_ENCODING UNITY_VIRTUAL_TEXTURING UNITY_PRETRANSFORM_TO_DISPLAY_ORIENTATION UNITY_ASTC_NORMALMAP_ENCODING SHADER_API_GLES30 SHADER_API_GLES31 SHADER_API_GLES32 UNITY_UNIFIED_SHADER_PRECISION_MODEL flags=0 lang=3 type=Vertex platform=d3d11 reqs=1 mask=6 start=262
RunExternalCompiler: begin name=FXC
RunExternalCompiler: end
compileSnippet complete
 ok=1 outsize=1002

Cmd: compileSnippet
  insize=9560 file=Packages/com.unity.render-pipelines.universal/Shaders/Lit.shader name=Universal Render Pipeline/Lit pass=ForwardLit ppOnly=0 stripLineD=0 buildPlatform=19 rsLen=0 pKW=UNITY_ENABLE_REFLECTION_BUFFERS UNITY_USE_DITHER_MASK_FOR_ALPHABLENDED_SHADOWS UNITY_PBS_USE_BRDF1 UNITY_SPECCUBE_BOX_PROJECTION UNITY_SPECCUBE_BLENDING UNITY_ENABLE_DETAIL_NORMALMAP SHADER_API_DESKTOP UNITY_LIGHT_PROBE_PROXY_VOLUME UNITY_LIGHTMAP_FULL_HDR UNITY_PLATFORM_SUPPORTS_DEPTH_FETCH uKW= dKW=_MAIN_LIGHT_SHADOWS _MAIN_LIGHT_SHADOWS_CASCADE _MAIN_LIGHT_SHADOWS_SCREEN _ADDITIONAL_LIGHTS_VERTEX _ADDITIONAL_LIGHTS EVALUATE_SH_MIXED EVALUATE_SH_VERTEX _LIGHT_LAYERS _CLUSTER_LIGHT_LOOP LIGHTMAP_SHADOW_MIXING SHADOWS_SHADOWMASK DIRLIGHTMAP_COMBINED LIGHTMAP_ON DYNAMICLIGHTMAP_ON USE_LEGACY_LIGHTMAPS LOD_FADE_CROSSFADE PROBE_VOLUMES_L1 PROBE_VOLUMES_L2 DOTS_INSTANCING_ON FOG_LINEAR FOG_EXP FOG_EXP2 INSTANCING_ON _NORMALMAP _PARALLAXMAP _RECEIVE_SHADOWS_OFF _DETAIL_MULX2 _DETAIL_SCALED UNITY_NO_DXT5nm UNITY_FRAMEBUFFER_FETCH_AVAILABLE UNITY_METAL_SHADOWS_USE_POINT_FILTERING UNITY_NO_SCREENSPACE_SHADOWS UNITY_PBS_USE_BRDF2 UNITY_PBS_USE_BRDF3 UNITY_HARDWARE_TIER1 UNITY_HARDWARE_TIER2 UNITY_HARDWARE_TIER3 UNITY_COLORSPACE_GAMMA UNITY_LIGHTMAP_DLDR_ENCODING UNITY_LIGHTMAP_RGBM_ENCODING UNITY_VIRTUAL_TEXTURING UNITY_PRETRANSFORM_TO_DISPLAY_ORIENTATION UNITY_ASTC_NORMALMAP_ENCODING SHADER_API_GLES30 SHADER_API_GLES31 SHADER_API_GLES32 UNITY_UNIFIED_SHADER_PRECISION_MODEL flags=0 lang=3 type=Vertex platform=d3d11 reqs=1 mask=6 start=111
RunExternalCompiler: begin name=FXC
RunExternalCompiler: end
compileSnippet complete
 ok=1 outsize=1254

Cmd: compileSnippet
  insize=2951 file=Packages/com.unity.render-pipelines.universal/Shaders/Lit.shader name=Universal Render Pipeline/Lit pass=DepthNormals ppOnly=0 stripLineD=0 buildPlatform=19 rsLen=0 pKW=UNITY_ENABLE_REFLECTION_BUFFERS UNITY_USE_DITHER_MASK_FOR_ALPHABLENDED_SHADOWS UNITY_PBS_USE_BRDF1 UNITY_SPECCUBE_BOX_PROJECTION UNITY_SPECCUBE_BLENDING UNITY_ENABLE_DETAIL_NORMALMAP SHADER_API_DESKTOP UNITY_LIGHT_PROBE_PROXY_VOLUME UNITY_LIGHTMAP_FULL_HDR UNITY_PLATFORM_SUPPORTS_DEPTH_FETCH uKW= dKW=_WRITE_RENDERING_LAYERS LOD_FADE_CROSSFADE DOTS_INSTANCING_ON INSTANCING_ON _SMOOTHNESS_TEXTURE_ALBEDO_CHANNEL_A _NORMALMAP _PARALLAXMAP _DETAIL_MULX2 _DETAIL_SCALED _ALPHATEST_ON UNITY_NO_DXT5nm UNITY_FRAMEBUFFER_FETCH_AVAILABLE UNITY_METAL_SHADOWS_USE_POINT_FILTERING UNITY_NO_SCREENSPACE_SHADOWS UNITY_PBS_USE_BRDF2 UNITY_PBS_USE_BRDF3 UNITY_HARDWARE_TIER1 UNITY_HARDWARE_TIER2 UNITY_HARDWARE_TIER3 UNITY_COLORSPACE_GAMMA UNITY_LIGHTMAP_DLDR_ENCODING UNITY_LIGHTMAP_RGBM_ENCODING UNITY_VIRTUAL_TEXTURING UNITY_PRETRANSFORM_TO_DISPLAY_ORIENTATION UNITY_ASTC_NORMALMAP_ENCODING SHADER_API_GLES30 SHADER_API_GLES31 SHADER_API_GLES32 UNITY_UNIFIED_SHADER_PRECISION_MODEL flags=0 lang=3 type=Fragment platform=d3d11 reqs=1 mask=6 start=385
RunExternalCompiler: begin name=FXC
RunExternalCompiler: end
compileSnippet complete
 ok=1 outsize=394

Cmd: compileSnippet
  insize=1853 file=Packages/com.unity.render-pipelines.universal/Shaders/Lit.shader name=Universal Render Pipeline/Lit pass=XRMotionVectors ppOnly=0 stripLineD=0 buildPlatform=19 rsLen=0 pKW=UNITY_ENABLE_REFLECTION_BUFFERS UNITY_USE_DITHER_MASK_FOR_ALPHABLENDED_SHADOWS UNITY_PBS_USE_BRDF1 UNITY_SPECCUBE_BOX_PROJECTION UNITY_SPECCUBE_BLENDING UNITY_ENABLE_DETAIL_NORMALMAP SHADER_API_DESKTOP UNITY_LIGHT_PROBE_PROXY_VOLUME UNITY_LIGHTMAP_FULL_HDR UNITY_PLATFORM_SUPPORTS_DEPTH_FETCH uKW= dKW=LOD_FADE_CROSSFADE APPLICATION_SPACE_WARP_MOTION_TRANSPARENT DOTS_INSTANCING_ON INSTANCING_ON _ADD_PRECOMPUTED_VELOCITY _ALPHATEST_ON UNITY_NO_DXT5nm UNITY_FRAMEBUFFER_FETCH_AVAILABLE UNITY_METAL_SHADOWS_USE_POINT_FILTERING UNITY_NO_SCREENSPACE_SHADOWS UNITY_PBS_USE_BRDF2 UNITY_PBS_USE_BRDF3 UNITY_HARDWARE_TIER1 UNITY_HARDWARE_TIER2 UNITY_HARDWARE_TIER3 UNITY_COLORSPACE_GAMMA UNITY_LIGHTMAP_DLDR_ENCODING UNITY_LIGHTMAP_RGBM_ENCODING UNITY_VIRTUAL_TEXTURING UNITY_PRETRANSFORM_TO_DISPLAY_ORIENTATION UNITY_ASTC_NORMALMAP_ENCODING SHADER_API_GLES30 SHADER_API_GLES31 SHADER_API_GLES32 UNITY_UNIFIED_SHADER_PRECISION_MODEL flags=0 lang=3 type=Vertex platform=d3d11 reqs=4075 mask=6 start=528
RunExternalCompiler: begin name=FXC
RunExternalCompiler: end
compileSnippet complete
 ok=1 outsize=1198

Cmd: compileSnippet
  insize=2740 file=Packages/com.unity.render-pipelines.universal/Shaders/Utils/ScreenSpaceShadows.shader name=Hidden/Universal Render Pipeline/ScreenSpaceShadows pass=ScreenSpaceShadows ppOnly=0 stripLineD=0 buildPlatform=19 rsLen=0 pKW=UNITY_ENABLE_REFLECTION_BUFFERS UNITY_USE_DITHER_MASK_FOR_ALPHABLENDED_SHADOWS UNITY_PBS_USE_BRDF1 UNITY_SPECCUBE_BOX_PROJECTION UNITY_SPECCUBE_BLENDING UNITY_ENABLE_DETAIL_NORMALMAP SHADER_API_DESKTOP UNITY_LIGHT_PROBE_PROXY_VOLUME UNITY_LIGHTMAP_FULL_HDR UNITY_PLATFORM_SUPPORTS_DEPTH_FETCH uKW=_MAIN_LIGHT_SHADOWS dKW=_SHADOWS_SOFT _SHADOWS_SOFT_LOW _SHADOWS_SOFT_MEDIUM _SHADOWS_SOFT_HIGH _MAIN_LIGHT_SHADOWS_CASCADE UNITY_NO_DXT5nm UNITY_FRAMEBUFFER_FETCH_AVAILABLE UNITY_METAL_SHADOWS_USE_POINT_FILTERING UNITY_NO_SCREENSPACE_SHADOWS UNITY_PBS_USE_BRDF2 UNITY_PBS_USE_BRDF3 UNITY_HARDWARE_TIER1 UNITY_HARDWARE_TIER2 UNITY_HARDWARE_TIER3 UNITY_COLORSPACE_GAMMA UNITY_LIGHTMAP_DLDR_ENCODING UNITY_LIGHTMAP_RGBM_ENCODING UNITY_VIRTUAL_TEXTURING UNITY_PRETRANSFORM_TO_DISPLAY_ORIENTATION UNITY_ASTC_NORMALMAP_ENCODING SHADER_API_GLES30 SHADER_API_GLES31 SHADER_API_GLES32 UNITY_UNIFIED_SHADER_PRECISION_MODEL flags=0 lang=3 type=Fragment platform=d3d11 reqs=33 mask=6 start=47
RunExternalCompiler: begin name=FXC
RunExternalCompiler: end
compileSnippet complete
 ok=1 outsize=1078

Cmd: compileSnippet
  insize=931 file=Packages/com.unity.render-pipelines.universal/Shaders/Terrain/TerrainDetailLit.shader name=Hidden/TerrainEngine/Details/UniversalPipeline/Vertexlit pass=Meta ppOnly=0 stripLineD=0 buildPlatform=19 rsLen=0 pKW=UNITY_ENABLE_REFLECTION_BUFFERS UNITY_USE_DITHER_MASK_FOR_ALPHABLENDED_SHADOWS UNITY_PBS_USE_BRDF1 UNITY_SPECCUBE_BOX_PROJECTION UNITY_SPECCUBE_BLENDING UNITY_ENABLE_DETAIL_NORMALMAP SHADER_API_DESKTOP UNITY_LIGHT_PROBE_PROXY_VOLUME UNITY_LIGHTMAP_FULL_HDR UNITY_PLATFORM_SUPPORTS_DEPTH_FETCH UNITY_PASS_META uKW= dKW=UNITY_NO_DXT5nm UNITY_FRAMEBUFFER_FETCH_AVAILABLE UNITY_METAL_SHADOWS_USE_POINT_FILTERING UNITY_NO_SCREENSPACE_SHADOWS UNITY_PBS_USE_BRDF2 UNITY_PBS_USE_BRDF3 UNITY_HARDWARE_TIER1 UNITY_HARDWARE_TIER2 UNITY_HARDWARE_TIER3 UNITY_COLORSPACE_GAMMA UNITY_LIGHTMAP_DLDR_ENCODING UNITY_LIGHTMAP_RGBM_ENCODING UNITY_VIRTUAL_TEXTURING UNITY_PRETRANSFORM_TO_DISPLAY_ORIENTATION UNITY_ASTC_NORMALMAP_ENCODING SHADER_API_GLES30 SHADER_API_GLES31 SHADER_API_GLES32 UNITY_UNIFIED_SHADER_PRECISION_MODEL flags=0 lang=3 type=Vertex platform=d3d11 reqs=33 mask=6 start=249
RunExternalCompiler: begin name=FXC
RunExternalCompiler: end
compileSnippet complete
 ok=1 outsize=970

Cmd: compileSnippet
  insize=2418 file=Packages/com.unity.render-pipelines.universal/Shaders/SimpleLit.shader name=Universal Render Pipeline/Simple Lit pass=ShadowCaster ppOnly=0 stripLineD=0 buildPlatform=19 rsLen=0 pKW=UNITY_ENABLE_REFLECTION_BUFFERS UNITY_USE_DITHER_MASK_FOR_ALPHABLENDED_SHADOWS UNITY_PBS_USE_BRDF1 UNITY_SPECCUBE_BOX_PROJECTION UNITY_SPECCUBE_BLENDING UNITY_ENABLE_DETAIL_NORMALMAP SHADER_API_DESKTOP UNITY_LIGHT_PROBE_PROXY_VOLUME UNITY_LIGHTMAP_FULL_HDR UNITY_PLATFORM_SUPPORTS_DEPTH_FETCH UNITY_PASS_SHADOWCASTER uKW= dKW=LOD_FADE_CROSSFADE DOTS_INSTANCING_ON INSTANCING_ON _GLOSSINESS_FROM_BASE_ALPHA _ALPHATEST_ON UNITY_NO_DXT5nm UNITY_FRAMEBUFFER_FETCH_AVAILABLE UNITY_METAL_SHADOWS_USE_POINT_FILTERING UNITY_NO_SCREENSPACE_SHADOWS UNITY_PBS_USE_BRDF2 UNITY_PBS_USE_BRDF3 UNITY_HARDWARE_TIER1 UNITY_HARDWARE_TIER2 UNITY_HARDWARE_TIER3 UNITY_COLORSPACE_GAMMA UNITY_LIGHTMAP_DLDR_ENCODING UNITY_LIGHTMAP_RGBM_ENCODING UNITY_VIRTUAL_TEXTURING UNITY_PRETRANSFORM_TO_DISPLAY_ORIENTATION UNITY_ASTC_NORMALMAP_ENCODING SHADER_API_GLES30 SHADER_API_GLES31 SHADER_API_GLES32 UNITY_UNIFIED_SHADER_PRECISION_MODEL flags=0 lang=3 type=Fragment platform=d3d11 reqs=1 mask=6 start=172
RunExternalCompiler: begin name=FXC
RunExternalCompiler: end
compileSnippet complete
 ok=1 outsize=250

Cmd: compileSnippet
  insize=1519 file=Packages/com.unity.render-pipelines.universal/Shaders/SimpleLit.shader name=Universal Render Pipeline/Simple Lit pass=Meta ppOnly=0 stripLineD=0 buildPlatform=19 rsLen=0 pKW=UNITY_ENABLE_REFLECTION_BUFFERS UNITY_USE_DITHER_MASK_FOR_ALPHABLENDED_SHADOWS UNITY_PBS_USE_BRDF1 UNITY_SPECCUBE_BOX_PROJECTION UNITY_SPECCUBE_BLENDING UNITY_ENABLE_DETAIL_NORMALMAP SHADER_API_DESKTOP UNITY_LIGHT_PROBE_PROXY_VOLUME UNITY_LIGHTMAP_FULL_HDR UNITY_PLATFORM_SUPPORTS_DEPTH_FETCH UNITY_PASS_META uKW= dKW=EDITOR_VISUALIZATION UNITY_NO_DXT5nm UNITY_FRAMEBUFFER_FETCH_AVAILABLE UNITY_METAL_SHADOWS_USE_POINT_FILTERING UNITY_NO_SCREENSPACE_SHADOWS UNITY_PBS_USE_BRDF2 UNITY_PBS_USE_BRDF3 UNITY_HARDWARE_TIER1 UNITY_HARDWARE_TIER2 UNITY_HARDWARE_TIER3 UNITY_COLORSPACE_GAMMA UNITY_LIGHTMAP_DLDR_ENCODING UNITY_LIGHTMAP_RGBM_ENCODING UNITY_VIRTUAL_TEXTURING UNITY_PRETRANSFORM_TO_DISPLAY_ORIENTATION UNITY_ASTC_NORMALMAP_ENCODING SHADER_API_GLES30 SHADER_API_GLES31 SHADER_API_GLES32 UNITY_UNIFIED_SHADER_PRECISION_MODEL flags=0 lang=3 type=Vertex platform=d3d11 reqs=1 mask=6 start=388
RunExternalCompiler: begin name=FXC
RunExternalCompiler: end
compileSnippet complete
 ok=1 outsize=970

Cmd: compileSnippet
  insize=1236 file=Packages/com.unity.render-pipelines.universal/Shaders/PostProcessing/StopNaN.shader name=Hidden/Universal Render Pipeline/Stop NaN pass=Stop NaN ppOnly=0 stripLineD=0 buildPlatform=19 rsLen=0 pKW=UNITY_ENABLE_REFLECTION_BUFFERS UNITY_USE_DITHER_MASK_FOR_ALPHABLENDED_SHADOWS UNITY_PBS_USE_BRDF1 UNITY_SPECCUBE_BOX_PROJECTION UNITY_SPECCUBE_BLENDING UNITY_ENABLE_DETAIL_NORMALMAP SHADER_API_DESKTOP UNITY_LIGHT_PROBE_PROXY_VOLUME UNITY_LIGHTMAP_FULL_HDR UNITY_PLATFORM_SUPPORTS_DEPTH_FETCH uKW= dKW=UNITY_NO_DXT5nm UNITY_FRAMEBUFFER_FETCH_AVAILABLE UNITY_METAL_SHADOWS_USE_POINT_FILTERING UNITY_NO_SCREENSPACE_SHADOWS UNITY_PBS_USE_BRDF2 UNITY_PBS_USE_BRDF3 UNITY_HARDWARE_TIER1 UNITY_HARDWARE_TIER2 UNITY_HARDWARE_TIER3 UNITY_COLORSPACE_GAMMA UNITY_LIGHTMAP_DLDR_ENCODING UNITY_LIGHTMAP_RGBM_ENCODING UNITY_VIRTUAL_TEXTURING UNITY_PRETRANSFORM_TO_DISPLAY_ORIENTATION UNITY_ASTC_NORMALMAP_ENCODING SHADER_API_GLES30 SHADER_API_GLES31 SHADER_API_GLES32 UNITY_UNIFIED_SHADER_PRECISION_MODEL flags=0 lang=3 type=Fragment platform=d3d11 reqs=4075 mask=6 start=35
RunExternalCompiler: begin name=FXC
RunExternalCompiler: end
compileSnippet complete
 ok=1 outsize=730

Cmd: compileSnippet
  insize=1955 file=Packages/com.unity.render-pipelines.universal/Shaders/Unlit.shader name=Universal Render Pipeline/Unlit pass=DepthOnly ppOnly=0 stripLineD=0 buildPlatform=19 rsLen=0 pKW=UNITY_ENABLE_REFLECTION_BUFFERS UNITY_USE_DITHER_MASK_FOR_ALPHABLENDED_SHADOWS UNITY_PBS_USE_BRDF1 UNITY_SPECCUBE_BOX_PROJECTION UNITY_SPECCUBE_BLENDING UNITY_ENABLE_DETAIL_NORMALMAP SHADER_API_DESKTOP UNITY_LIGHT_PROBE_PROXY_VOLUME UNITY_LIGHTMAP_FULL_HDR UNITY_PLATFORM_SUPPORTS_DEPTH_FETCH uKW= dKW=LOD_FADE_CROSSFADE DOTS_INSTANCING_ON INSTANCING_ON _ALPHATEST_ON UNITY_NO_DXT5nm UNITY_FRAMEBUFFER_FETCH_AVAILABLE UNITY_METAL_SHADOWS_USE_POINT_FILTERING UNITY_NO_SCREENSPACE_SHADOWS UNITY_PBS_USE_BRDF2 UNITY_PBS_USE_BRDF3 UNITY_HARDWARE_TIER1 UNITY_HARDWARE_TIER2 UNITY_HARDWARE_TIER3 UNITY_COLORSPACE_GAMMA UNITY_LIGHTMAP_DLDR_ENCODING UNITY_LIGHTMAP_RGBM_ENCODING UNITY_VIRTUAL_TEXTURING UNITY_PRETRANSFORM_TO_DISPLAY_ORIENTATION UNITY_ASTC_NORMALMAP_ENCODING SHADER_API_GLES30 SHADER_API_GLES31 SHADER_API_GLES32 UNITY_UNIFIED_SHADER_PRECISION_MODEL flags=0 lang=3 type=Fragment platform=d3d11 reqs=1 mask=6 start=159
RunExternalCompiler: begin name=FXC
RunExternalCompiler: end
compileSnippet complete
 ok=1 outsize=254

Cmd: compileSnippet
  insize=2294 file=Packages/com.unity.render-pipelines.universal/Shaders/Unlit.shader name=Universal Render Pipeline/Unlit pass=DepthNormalsOnly ppOnly=0 stripLineD=0 buildPlatform=19 rsLen=0 pKW=UNITY_ENABLE_REFLECTION_BUFFERS UNITY_USE_DITHER_MASK_FOR_ALPHABLENDED_SHADOWS UNITY_PBS_USE_BRDF1 UNITY_SPECCUBE_BOX_PROJECTION UNITY_SPECCUBE_BLENDING UNITY_ENABLE_DETAIL_NORMALMAP SHADER_API_DESKTOP UNITY_LIGHT_PROBE_PROXY_VOLUME UNITY_LIGHTMAP_FULL_HDR UNITY_PLATFORM_SUPPORTS_DEPTH_FETCH uKW= dKW=_GBUFFER_NORMALS_OCT _WRITE_RENDERING_LAYERS LOD_FADE_CROSSFADE DOTS_INSTANCING_ON INSTANCING_ON _ALPHATEST_ON UNITY_NO_DXT5nm UNITY_FRAMEBUFFER_FETCH_AVAILABLE UNITY_METAL_SHADOWS_USE_POINT_FILTERING UNITY_NO_SCREENSPACE_SHADOWS UNITY_PBS_USE_BRDF2 UNITY_PBS_USE_BRDF3 UNITY_HARDWARE_TIER1 UNITY_HARDWARE_TIER2 UNITY_HARDWARE_TIER3 UNITY_COLORSPACE_GAMMA UNITY_LIGHTMAP_DLDR_ENCODING UNITY_LIGHTMAP_RGBM_ENCODING UNITY_VIRTUAL_TEXTURING UNITY_PRETRANSFORM_TO_DISPLAY_ORIENTATION UNITY_ASTC_NORMALMAP_ENCODING SHADER_API_GLES30 SHADER_API_GLES31 SHADER_API_GLES32 UNITY_UNIFIED_SHADER_PRECISION_MODEL flags=0 lang=3 type=Fragment platform=d3d11 reqs=1 mask=6 start=199
RunExternalCompiler: begin name=FXC
RunExternalCompiler: end
compileSnippet complete
 ok=1 outsize=370

Cmd: compileSnippet
  insize=1573 file=Packages/com.unity.render-pipelines.universal/Shaders/Unlit.shader name=Universal Render Pipeline/Unlit pass=MotionVectors ppOnly=0 stripLineD=0 buildPlatform=19 rsLen=0 pKW=UNITY_ENABLE_REFLECTION_BUFFERS UNITY_USE_DITHER_MASK_FOR_ALPHABLENDED_SHADOWS UNITY_PBS_USE_BRDF1 UNITY_SPECCUBE_BOX_PROJECTION UNITY_SPECCUBE_BLENDING UNITY_ENABLE_DETAIL_NORMALMAP SHADER_API_DESKTOP UNITY_LIGHT_PROBE_PROXY_VOLUME UNITY_LIGHTMAP_FULL_HDR UNITY_PLATFORM_SUPPORTS_DEPTH_FETCH UNITY_PASS_MOTIONVECTORS uKW= dKW=LOD_FADE_CROSSFADE DOTS_INSTANCING_ON INSTANCING_ON _ADD_PRECOMPUTED_VELOCITY _ALPHATEST_ON UNITY_NO_DXT5nm UNITY_FRAMEBUFFER_FETCH_AVAILABLE UNITY_METAL_SHADOWS_USE_POINT_FILTERING UNITY_NO_SCREENSPACE_SHADOWS UNITY_PBS_USE_BRDF2 UNITY_PBS_USE_BRDF3 UNITY_HARDWARE_TIER1 UNITY_HARDWARE_TIER2 UNITY_HARDWARE_TIER3 UNITY_COLORSPACE_GAMMA UNITY_LIGHTMAP_DLDR_ENCODING UNITY_LIGHTMAP_RGBM_ENCODING UNITY_VIRTUAL_TEXTURING UNITY_PRETRANSFORM_TO_DISPLAY_ORIENTATION UNITY_ASTC_NORMALMAP_ENCODING SHADER_API_GLES30 SHADER_API_GLES31 SHADER_API_GLES32 UNITY_UNIFIED_SHADER_PRECISION_MODEL flags=0 lang=3 type=Vertex platform=d3d11 reqs=4075 mask=6 start=267
RunExternalCompiler: begin name=FXC
RunExternalCompiler: end
compileSnippet complete
 ok=1 outsize=1446

Cmd: compileSnippet
  insize=8015 file=Packages/com.unity.render-pipelines.universal/Shaders/Debug/HDRDebugView.shader name=Hidden/Universal/HDRDebugView pass=<Unnamed Pass 0> ppOnly=0 stripLineD=0 buildPlatform=19 rsLen=0 pKW=UNITY_ENABLE_REFLECTION_BUFFERS UNITY_USE_DITHER_MASK_FOR_ALPHABLENDED_SHADOWS UNITY_PBS_USE_BRDF1 UNITY_SPECCUBE_BOX_PROJECTION UNITY_SPECCUBE_BLENDING UNITY_ENABLE_DETAIL_NORMALMAP SHADER_API_DESKTOP UNITY_LIGHT_PROBE_PROXY_VOLUME UNITY_LIGHTMAP_FULL_HDR UNITY_PLATFORM_SUPPORTS_DEPTH_FETCH uKW= dKW=DEBUG_DISPLAY HDR_ENCODING UNITY_NO_DXT5nm UNITY_FRAMEBUFFER_FETCH_AVAILABLE UNITY_METAL_SHADOWS_USE_POINT_FILTERING UNITY_NO_SCREENSPACE_SHADOWS UNITY_PBS_USE_BRDF2 UNITY_PBS_USE_BRDF3 UNITY_HARDWARE_TIER1 UNITY_HARDWARE_TIER2 UNITY_HARDWARE_TIER3 UNITY_COLORSPACE_GAMMA UNITY_LIGHTMAP_DLDR_ENCODING UNITY_LIGHTMAP_RGBM_ENCODING UNITY_VIRTUAL_TEXTURING UNITY_PRETRANSFORM_TO_DISPLAY_ORIENTATION UNITY_ASTC_NORMALMAP_ENCODING SHADER_API_GLES30 SHADER_API_GLES31 SHADER_API_GLES32 UNITY_UNIFIED_SHADER_PRECISION_MODEL flags=0 lang=3 type=Fragment platform=d3d11 reqs=1101803 mask=6 start=201
RunExternalCompiler: begin name=FXC
RunExternalCompiler: end
compileSnippet complete
 ok=1 outsize=1050

Cmd: compileSnippet
  insize=1129 file=Packages/com.unity.render-pipelines.universal/Shaders/PostProcessing/SubpixelMorphologicalAntialiasing.shader name=Hidden/Universal Render Pipeline/SubpixelMorphologicalAntialiasing pass=<Unnamed Pass 0> ppOnly=0 stripLineD=0 buildPlatform=19 rsLen=0 pKW=UNITY_ENABLE_REFLECTION_BUFFERS UNITY_USE_DITHER_MASK_FOR_ALPHABLENDED_SHADOWS UNITY_PBS_USE_BRDF1 UNITY_SPECCUBE_BOX_PROJECTION UNITY_SPECCUBE_BLENDING UNITY_ENABLE_DETAIL_NORMALMAP SHADER_API_DESKTOP UNITY_LIGHT_PROBE_PROXY_VOLUME UNITY_LIGHTMAP_FULL_HDR UNITY_PLATFORM_SUPPORTS_DEPTH_FETCH uKW=_SMAA_PRESET_LOW dKW=_SMAA_PRESET_MEDIUM _SMAA_PRESET_HIGH UNITY_NO_DXT5nm UNITY_FRAMEBUFFER_FETCH_AVAILABLE UNITY_METAL_SHADOWS_USE_POINT_FILTERING UNITY_NO_SCREENSPACE_SHADOWS UNITY_PBS_USE_BRDF2 UNITY_PBS_USE_BRDF3 UNITY_HARDWARE_TIER1 UNITY_HARDWARE_TIER2 UNITY_HARDWARE_TIER3 UNITY_COLORSPACE_GAMMA UNITY_LIGHTMAP_DLDR_ENCODING UNITY_LIGHTMAP_RGBM_ENCODING UNITY_VIRTUAL_TEXTURING UNITY_PRETRANSFORM_TO_DISPLAY_ORIENTATION UNITY_ASTC_NORMALMAP_ENCODING SHADER_API_GLES30 SHADER_API_GLES31 SHADER_API_GLES32 UNITY_UNIFIED_SHADER_PRECISION_MODEL flags=0 lang=3 type=Fragment platform=d3d11 reqs=33 mask=6 start=28
RunExternalCompiler: begin name=FXC
RunExternalCompiler: end
compileSnippet complete
 ok=1 outsize=2370

Cmd: compileComputeKernel
  insize=4939 file=Packages/com.unity.render-pipelines.high-definition/Runtime/RenderPipeline/RenderPass/DepthPyramid.compute kernel=KDepthDownsample8DualUav ppOnly=0 stripLineD=0 buildPlatform=19 km=<KERNEL_NAME=KDepthDownsample8DualUav>,<UNITY_VERSION=60050009> pKW=UNITY_ENABLE_REFLECTION_BUFFERS UNITY_USE_DITHER_MASK_FOR_ALPHABLENDED_SHADOWS UNITY_PBS_USE_BRDF1 UNITY_SPECCUBE_BOX_PROJECTION UNITY_SPECCUBE_BLENDING UNITY_ENABLE_DETAIL_NORMALMAP SHADER_API_DESKTOP UNITY_LIGHT_PROBE_PROXY_VOLUME UNITY_LIGHTMAP_FULL_HDR UNITY_PLATFORM_SUPPORTS_DEPTH_FETCH uKW=SHADER_STAGE_COMPUTE platform=d3d11 flags=0 reqs=50241 forceDXC=0 forceFXC=0
RunExternalCompiler: begin name=FXC
RunExternalCompiler: end
compilerComputeKernel complete
 ok=1 outsize=3684

Cmd: compileComputeKernel
  insize=693 file=Packages/com.unity.render-pipelines.high-definition/Runtime/Lighting/ScreenSpaceLighting/GTAOCopyHistory.compute kernel=GTAODenoise_CopyHistory ppOnly=0 stripLineD=0 buildPlatform=19 km=<UNITY_VERSION=60050009> pKW=UNITY_ENABLE_REFLECTION_BUFFERS UNITY_USE_DITHER_MASK_FOR_ALPHABLENDED_SHADOWS UNITY_PBS_USE_BRDF1 UNITY_SPECCUBE_BOX_PROJECTION UNITY_SPECCUBE_BLENDING UNITY_ENABLE_DETAIL_NORMALMAP SHADER_API_DESKTOP UNITY_LIGHT_PROBE_PROXY_VOLUME UNITY_LIGHTMAP_FULL_HDR UNITY_PLATFORM_SUPPORTS_DEPTH_FETCH uKW=SHADER_STAGE_COMPUTE platform=d3d11 flags=0 reqs=50241 forceDXC=0 forceFXC=0
RunExternalCompiler: begin name=FXC
RunExternalCompiler: end
compilerComputeKernel complete
 ok=1 outsize=479

Cmd: compileComputeKernel
  insize=10511 file=Packages/com.unity.render-pipelines.high-definition/Runtime/Lighting/ScreenSpaceLighting/GTAOBlurAndUpsample.compute kernel=BilateralUpsampling ppOnly=0 stripLineD=0 buildPlatform=19 km=<UPSAMPLE_KERNEL=BilateralUpsampling>,<UPSAMPLE_ONLY=1>,<UNITY_VERSION=60050009> pKW=UNITY_ENABLE_REFLECTION_BUFFERS UNITY_USE_DITHER_MASK_FOR_ALPHABLENDED_SHADOWS UNITY_PBS_USE_BRDF1 UNITY_SPECCUBE_BOX_PROJECTION UNITY_SPECCUBE_BLENDING UNITY_ENABLE_DETAIL_NORMALMAP SHADER_API_DESKTOP UNITY_LIGHT_PROBE_PROXY_VOLUME UNITY_LIGHTMAP_FULL_HDR UNITY_PLATFORM_SUPPORTS_DEPTH_FETCH uKW=SHADER_STAGE_COMPUTE platform=d3d11 flags=0 reqs=50241 forceDXC=0 forceFXC=0
RunExternalCompiler: begin name=FXC
RunExternalCompiler: end
compilerComputeKernel complete
 ok=1 outsize=3243

Cmd: compileComputeKernel
  insize=6797 file=Packages/com.unity.render-pipelines.high-definition/Runtime/RenderPipeline/RenderPass/GenerateMaxZ.compute kernel=ComputeFinalMask ppOnly=0 stripLineD=0 buildPlatform=19 km=<FINAL_MASK=1>,<UNITY_VERSION=60050009> pKW=UNITY_ENABLE_REFLECTION_BUFFERS UNITY_USE_DITHER_MASK_FOR_ALPHABLENDED_SHADOWS UNITY_PBS_USE_BRDF1 UNITY_SPECCUBE_BOX_PROJECTION UNITY_SPECCUBE_BLENDING UNITY_ENABLE_DETAIL_NORMALMAP SHADER_API_DESKTOP UNITY_LIGHT_PROBE_PROXY_VOLUME UNITY_LIGHTMAP_FULL_HDR UNITY_PLATFORM_SUPPORTS_DEPTH_FETCH uKW=SHADER_STAGE_COMPUTE platform=d3d11 flags=0 reqs=50241 forceDXC=0 forceFXC=0
RunExternalCompiler: begin name=FXC
RunExternalCompiler: end
compilerComputeKernel complete
 ok=1 outsize=1170

Cmd: compileComputeKernel
  insize=12448 file=Packages/com.unity.render-pipelines.high-definition/Runtime/Lighting/LightLoop/Deferred.compute kernel=Deferred_Indirect_Fptl_Variant4 ppOnly=0 stripLineD=0 buildPlatform=19 km=<SHADE_OPAQUE_ENTRY=Deferred_Indirect_Fptl_Variant4>,<USE_INDIRECT=1>,<VARIANT=4>,<UNITY_VERSION=60050009> pKW=UNITY_ENABLE_REFLECTION_BUFFERS UNITY_USE_DITHER_MASK_FOR_ALPHABLENDED_SHADOWS UNITY_PBS_USE_BRDF1 UNITY_SPECCUBE_BOX_PROJECTION UNITY_SPECCUBE_BLENDING UNITY_ENABLE_DETAIL_NORMALMAP SHADER_API_DESKTOP UNITY_LIGHT_PROBE_PROXY_VOLUME UNITY_LIGHTMAP_FULL_HDR UNITY_PLATFORM_SUPPORTS_DEPTH_FETCH uKW=SCREEN_SPACE_SHADOWS_OFF PROBE_VOLUMES_L1 PUNCTUAL_SHADOW_HIGH DIRECTIONAL_SHADOW_HIGH AREA_SHADOW_MEDIUM SHADER_STAGE_COMPUTE platform=d3d11 flags=0 reqs=50241 forceDXC=0 forceFXC=0
RunExternalCompiler: begin name=FXC
RunExternalCompiler: end
compilerComputeKernel complete
 ok=1 outsize=70677

Cmd: compileComputeKernel
  insize=12448 file=Packages/com.unity.render-pipelines.high-definition/Runtime/Lighting/LightLoop/Deferred.compute kernel=Deferred_Indirect_Fptl_Variant11 ppOnly=0 stripLineD=0 buildPlatform=19 km=<SHADE_OPAQUE_ENTRY=Deferred_Indirect_Fptl_Variant11>,<USE_INDIRECT=1>,<VARIANT=11>,<UNITY_VERSION=60050009> pKW=UNITY_ENABLE_REFLECTION_BUFFERS UNITY_USE_DITHER_MASK_FOR_ALPHABLENDED_SHADOWS UNITY_PBS_USE_BRDF1 UNITY_SPECCUBE_BOX_PROJECTION UNITY_SPECCUBE_BLENDING UNITY_ENABLE_DETAIL_NORMALMAP SHADER_API_DESKTOP UNITY_LIGHT_PROBE_PROXY_VOLUME UNITY_LIGHTMAP_FULL_HDR UNITY_PLATFORM_SUPPORTS_DEPTH_FETCH uKW=SCREEN_SPACE_SHADOWS_OFF PROBE_VOLUMES_L1 PUNCTUAL_SHADOW_HIGH DIRECTIONAL_SHADOW_HIGH AREA_SHADOW_MEDIUM SHADER_STAGE_COMPUTE platform=d3d11 flags=0 reqs=50241 forceDXC=0 forceFXC=0
RunExternalCompiler: begin name=FXC
RunExternalCompiler: end
compilerComputeKernel complete
 ok=1 outsize=99578

Cmd: compileComputeKernel
  insize=12448 file=Packages/com.unity.render-pipelines.high-definition/Runtime/Lighting/LightLoop/Deferred.compute kernel=Deferred_Indirect_Fptl_Variant18 ppOnly=0 stripLineD=0 buildPlatform=19 km=<SHADE_OPAQUE_ENTRY=Deferred_Indirect_Fptl_Variant18>,<USE_INDIRECT=1>,<VARIANT=18>,<UNITY_VERSION=60050009> pKW=UNITY_ENABLE_REFLECTION_BUFFERS UNITY_USE_DITHER_MASK_FOR_ALPHABLENDED_SHADOWS UNITY_PBS_USE_BRDF1 UNITY_SPECCUBE_BOX_PROJECTION UNITY_SPECCUBE_BLENDING UNITY_ENABLE_DETAIL_NORMALMAP SHADER_API_DESKTOP UNITY_LIGHT_PROBE_PROXY_VOLUME UNITY_LIGHTMAP_FULL_HDR UNITY_PLATFORM_SUPPORTS_DEPTH_FETCH uKW=SCREEN_SPACE_SHADOWS_OFF PROBE_VOLUMES_L1 PUNCTUAL_SHADOW_HIGH DIRECTIONAL_SHADOW_HIGH AREA_SHADOW_MEDIUM SHADER_STAGE_COMPUTE platform=d3d11 flags=0 reqs=50241 forceDXC=0 forceFXC=0
RunExternalCompiler: begin name=FXC
RunExternalCompiler: end
compilerComputeKernel complete
 ok=1 outsize=69029

Cmd: compileComputeKernel
  insize=12448 file=Packages/com.unity.render-pipelines.high-definition/Runtime/Lighting/LightLoop/Deferred.compute kernel=Deferred_Indirect_Fptl_Variant23 ppOnly=0 stripLineD=0 buildPlatform=19 km=<SHADE_OPAQUE_ENTRY=Deferred_Indirect_Fptl_Variant23>,<USE_INDIRECT=1>,<VARIANT=23>,<UNITY_VERSION=60050009> pKW=UNITY_ENABLE_REFLECTION_BUFFERS UNITY_USE_DITHER_MASK_FOR_ALPHABLENDED_SHADOWS UNITY_PBS_USE_BRDF1 UNITY_SPECCUBE_BOX_PROJECTION UNITY_SPECCUBE_BLENDING UNITY_ENABLE_DETAIL_NORMALMAP SHADER_API_DESKTOP UNITY_LIGHT_PROBE_PROXY_VOLUME UNITY_LIGHTMAP_FULL_HDR UNITY_PLATFORM_SUPPORTS_DEPTH_FETCH uKW=SCREEN_SPACE_SHADOWS_OFF PROBE_VOLUMES_L1 PUNCTUAL_SHADOW_HIGH DIRECTIONAL_SHADOW_HIGH AREA_SHADOW_MEDIUM SHADER_STAGE_COMPUTE platform=d3d11 flags=0 reqs=50241 forceDXC=0 forceFXC=0
RunExternalCompiler: begin name=FXC
RunExternalCompiler: end
compilerComputeKernel complete
 ok=1 outsize=67357

Cmd: compileComputeKernel
  insize=12448 file=Packages/com.unity.render-pipelines.high-definition/Runtime/Lighting/LightLoop/Deferred.compute kernel=Deferred_Indirect_Fptl_Variant28 ppOnly=0 stripLineD=0 buildPlatform=19 km=<SHADE_OPAQUE_ENTRY=Deferred_Indirect_Fptl_Variant28>,<USE_INDIRECT=1>,<VARIANT=28>,<UNITY_VERSION=60050009> pKW=UNITY_ENABLE_REFLECTION_BUFFERS UNITY_USE_DITHER_MASK_FOR_ALPHABLENDED_SHADOWS UNITY_PBS_USE_BRDF1 UNITY_SPECCUBE_BOX_PROJECTION UNITY_SPECCUBE_BLENDING UNITY_ENABLE_DETAIL_NORMALMAP SHADER_API_DESKTOP UNITY_LIGHT_PROBE_PROXY_VOLUME UNITY_LIGHTMAP_FULL_HDR UNITY_PLATFORM_SUPPORTS_DEPTH_FETCH uKW=SCREEN_SPACE_SHADOWS_OFF PROBE_VOLUMES_L1 PUNCTUAL_SHADOW_HIGH DIRECTIONAL_SHADOW_HIGH AREA_SHADOW_MEDIUM SHADER_STAGE_COMPUTE platform=d3d11 flags=0 reqs=50241 forceDXC=0 forceFXC=0
RunExternalCompiler: begin name=FXC
RunExternalCompiler: end
compilerComputeKernel complete
 ok=1 outsize=163243

Cmd: initializeCompiler

Cmd: initializeCompiler


Cmd: compileSnippet
  insize=2862 file=Packages/com.unity.xr.arfoundation/Assets/Shaders/GizmoSolidColor.shader name=Unity/Handles/GizmoSolidColor pass=<Unnamed Pass 0> ppOnly=0 stripLineD=0 buildPlatform=19 rsLen=0 pKW=UNITY_ENABLE_REFLECTION_BUFFERS UNITY_USE_DITHER_MASK_FOR_ALPHABLENDED_SHADOWS UNITY_PBS_USE_BRDF1 UNITY_SPECCUBE_BOX_PROJECTION UNITY_SPECCUBE_BLENDING UNITY_ENABLE_DETAIL_NORMALMAP SHADER_API_DESKTOP UNITY_LIGHT_PROBE_PROXY_VOLUME UNITY_LIGHTMAP_FULL_HDR UNITY_PLATFORM_SUPPORTS_DEPTH_FETCH uKW= dKW=UNITY_NO_DXT5nm UNITY_FRAMEBUFFER_FETCH_AVAILABLE UNITY_METAL_SHADOWS_USE_POINT_FILTERING UNITY_NO_SCREENSPACE_SHADOWS UNITY_PBS_USE_BRDF2 UNITY_PBS_USE_BRDF3 UNITY_HARDWARE_TIER1 UNITY_HARDWARE_TIER2 UNITY_HARDWARE_TIER3 UNITY_COLORSPACE_GAMMA UNITY_LIGHTMAP_DLDR_ENCODING UNITY_LIGHTMAP_RGBM_ENCODING UNITY_VIRTUAL_TEXTURING UNITY_PRETRANSFORM_TO_DISPLAY_ORIENTATION UNITY_ASTC_NORMALMAP_ENCODING SHADER_API_GLES30 SHADER_API_GLES31 SHADER_API_GLES32 UNITY_UNIFIED_SHADER_PRECISION_MODEL flags=0 lang=0 type=Vertex platform=d3d11 reqs=33 mask=6 start=26
RunExternalCompiler: begin name=FXC
RunExternalCompiler: end
compileSnippet complete
 ok=1 outsize=1218

Cmd: compileSnippet
  insize=16792 file=Packages/com.unity.xr.arfoundation/Assets/Shaders/SimulationLegacyRoomXRay.shader name=Simulation/Legacy/Room X-Ray pass=ShadowCaster ppOnly=0 stripLineD=0 buildPlatform=19 rsLen=0 pKW=UNITY_ENABLE_REFLECTION_BUFFERS UNITY_USE_DITHER_MASK_FOR_ALPHABLENDED_SHADOWS UNITY_PBS_USE_BRDF1 UNITY_SPECCUBE_BOX_PROJECTION UNITY_SPECCUBE_BLENDING UNITY_ENABLE_DETAIL_NORMALMAP SHADER_API_DESKTOP UNITY_LIGHT_PROBE_PROXY_VOLUME UNITY_LIGHTMAP_FULL_HDR UNITY_PLATFORM_SUPPORTS_DEPTH_FETCH UNITY_PASS_SHADOWCASTER uKW=SHADOWS_DEPTH dKW=SIMULATION_XRAY_ENABLED INSTANCING_ON SHADOWS_CUBE UNITY_NO_DXT5nm UNITY_FRAMEBUFFER_FETCH_AVAILABLE UNITY_METAL_SHADOWS_USE_POINT_FILTERING UNITY_NO_SCREENSPACE_SHADOWS UNITY_PBS_USE_BRDF2 UNITY_PBS_USE_BRDF3 UNITY_HARDWARE_TIER1 UNITY_HARDWARE_TIER2 UNITY_HARDWARE_TIER3 UNITY_COLORSPACE_GAMMA UNITY_LIGHTMAP_DLDR_ENCODING UNITY_LIGHTMAP_RGBM_ENCODING UNITY_VIRTUAL_TEXTURING UNITY_PRETRANSFORM_TO_DISPLAY_ORIENTATION UNITY_ASTC_NORMALMAP_ENCODING SHADER_API_GLES30 SHADER_API_GLES31 SHADER_API_GLES32 UNITY_UNIFIED_SHADER_PRECISION_MODEL flags=0 lang=0 type=Vertex platform=d3d11 reqs=227 mask=6 start=303
RunExternalCompiler: begin name=FXC
RunExternalCompiler: end
compileSnippet complete
 ok=1 outsize=1778

Cmd: compileSnippet
  insize=16792 file=Packages/com.unity.xr.arfoundation/Assets/Shaders/SimulationLegacyRoomXRay.shader name=Simulation/Legacy/Room X-Ray pass=ShadowCaster ppOnly=0 stripLineD=0 buildPlatform=19 rsLen=0 pKW=UNITY_ENABLE_REFLECTION_BUFFERS UNITY_USE_DITHER_MASK_FOR_ALPHABLENDED_SHADOWS UNITY_PBS_USE_BRDF1 UNITY_SPECCUBE_BOX_PROJECTION UNITY_SPECCUBE_BLENDING UNITY_ENABLE_DETAIL_NORMALMAP SHADER_API_DESKTOP UNITY_LIGHT_PROBE_PROXY_VOLUME UNITY_LIGHTMAP_FULL_HDR UNITY_PLATFORM_SUPPORTS_DEPTH_FETCH UNITY_PASS_SHADOWCASTER uKW=SHADOWS_DEPTH dKW=SIMULATION_XRAY_ENABLED INSTANCING_ON SHADOWS_CUBE UNITY_NO_DXT5nm UNITY_FRAMEBUFFER_FETCH_AVAILABLE UNITY_METAL_SHADOWS_USE_POINT_FILTERING UNITY_NO_SCREENSPACE_SHADOWS UNITY_PBS_USE_BRDF2 UNITY_PBS_USE_BRDF3 UNITY_HARDWARE_TIER1 UNITY_HARDWARE_TIER2 UNITY_HARDWARE_TIER3 UNITY_COLORSPACE_GAMMA UNITY_LIGHTMAP_DLDR_ENCODING UNITY_LIGHTMAP_RGBM_ENCODING UNITY_VIRTUAL_TEXTURING UNITY_PRETRANSFORM_TO_DISPLAY_ORIENTATION UNITY_ASTC_NORMALMAP_ENCODING SHADER_API_GLES30 SHADER_API_GLES31 SHADER_API_GLES32 UNITY_UNIFIED_SHADER_PRECISION_MODEL flags=0 lang=0 type=Fragment platform=d3d11 reqs=227 mask=6 start=303
RunExternalCompiler: begin name=FXC
RunExternalCompiler: end
compileSnippet complete
 ok=1 outsize=286

Cmd: compileSnippet
  insize=32690 file=Packages/com.unity.xr.arfoundation/Assets/Shaders/SimulationLegacyRoomXRay.shader name=Simulation/Legacy/Room X-Ray pass=FORWARD ppOnly=0 stripLineD=0 buildPlatform=19 rsLen=0 pKW=UNITY_ENABLE_REFLECTION_BUFFERS UNITY_USE_DITHER_MASK_FOR_ALPHABLENDED_SHADOWS UNITY_PBS_USE_BRDF1 UNITY_SPECCUBE_BOX_PROJECTION UNITY_SPECCUBE_BLENDING UNITY_ENABLE_DETAIL_NORMALMAP SHADER_API_DESKTOP UNITY_LIGHT_PROBE_PROXY_VOLUME UNITY_LIGHTMAP_FULL_HDR UNITY_PLATFORM_SUPPORTS_DEPTH_FETCH UNITY_PASS_FORWARDBASE uKW=DIRECTIONAL dKW=SIMULATION_XRAY_ENABLED INSTANCING_ON LIGHTPROBE_SH DYNAMICLIGHTMAP_ON LIGHTMAP_ON LIGHTMAP_SHADOW_MIXING DIRLIGHTMAP_COMBINED VERTEXLIGHT_ON UNITY_NO_DXT5nm UNITY_FRAMEBUFFER_FETCH_AVAILABLE UNITY_METAL_SHADOWS_USE_POINT_FILTERING UNITY_NO_SCREENSPACE_SHADOWS UNITY_PBS_USE_BRDF2 UNITY_PBS_USE_BRDF3 UNITY_HARDWARE_TIER1 UNITY_HARDWARE_TIER2 UNITY_HARDWARE_TIER3 UNITY_COLORSPACE_GAMMA UNITY_LIGHTMAP_DLDR_ENCODING UNITY_LIGHTMAP_RGBM_ENCODING UNITY_VIRTUAL_TEXTURING UNITY_PRETRANSFORM_TO_DISPLAY_ORIENTATION UNITY_ASTC_NORMALMAP_ENCODING SHADER_API_GLES30 SHADER_API_GLES31 SHADER_API_GLES32 UNITY_UNIFIED_SHADER_PRECISION_MODEL flags=0 lang=0 type=Vertex platform=d3d11 reqs=227 mask=6 start=123
RunExternalCompiler: begin name=FXC
RunExternalCompiler: end
compileSnippet complete
 ok=1 outsize=1210

Cmd: compileSnippet
  insize=3289 file=Packages/com.unity.xr.arfoundation/Assets/Shaders/SimulationLegacyStandard.shader name=Simulation/Legacy/Standard pass=FORWARD ppOnly=0 stripLineD=0 buildPlatform=19 rsLen=0 pKW=UNITY_ENABLE_REFLECTION_BUFFERS UNITY_USE_DITHER_MASK_FOR_ALPHABLENDED_SHADOWS UNITY_PBS_USE_BRDF1 UNITY_SPECCUBE_BOX_PROJECTION UNITY_SPECCUBE_BLENDING UNITY_ENABLE_DETAIL_NORMALMAP SHADER_API_DESKTOP UNITY_LIGHT_PROBE_PROXY_VOLUME UNITY_LIGHTMAP_FULL_HDR UNITY_PLATFORM_SUPPORTS_DEPTH_FETCH UNITY_PASS_FORWARDBASE uKW=DIRECTIONAL dKW=_NORMALMAP _ALPHATEST_ON _ALPHABLEND_ON _ALPHAPREMULTIPLY_ON _EMISSION _METALLICGLOSSMAP _DETAIL_MULX2 _SMOOTHNESS_TEXTURE_ALBEDO_CHANNEL_A _SPECULARHIGHLIGHTS_OFF _GLOSSYREFLECTIONS_OFF _PARALLAXMAP FOG_LINEAR FOG_EXP FOG_EXP2 INSTANCING_ON LIGHTPROBE_SH SHADOWS_SHADOWMASK DYNAMICLIGHTMAP_ON LIGHTMAP_ON LIGHTMAP_SHADOW_MIXING DIRLIGHTMAP_COMBINED SHADOWS_SCREEN VERTEXLIGHT_ON UNITY_NO_DXT5nm UNITY_FRAMEBUFFER_FETCH_AVAILABLE UNITY_METAL_SHADOWS_USE_POINT_FILTERING UNITY_NO_SCREENSPACE_SHADOWS UNITY_PBS_USE_BRDF2 UNITY_PBS_USE_BRDF3 UNITY_HARDWARE_TIER1 UNITY_HARDWARE_TIER2 UNITY_HARDWARE_TIER3 UNITY_COLORSPACE_GAMMA UNITY_LIGHTMAP_DLDR_ENCODING UNITY_LIGHTMAP_RGBM_ENCODING UNITY_VIRTUAL_TEXTURING UNITY_PRETRANSFORM_TO_DISPLAY_ORIENTATION UNITY_ASTC_NORMALMAP_ENCODING SHADER_API_GLES30 SHADER_API_GLES31 SHADER_API_GLES32 UNITY_UNIFIED_SHADER_PRECISION_MODEL flags=0 lang=0 type=Vertex platform=d3d11 reqs=227 mask=6 start=80
RunExternalCompiler: begin name=FXC
RunExternalCompiler: end
compileSnippet complete
 ok=1 outsize=1670

Cmd: compileSnippet
  insize=2872 file=Packages/com.unity.xr.arfoundation/Assets/Shaders/SimulationLegacyStandard.shader name=Simulation/Legacy/Standard pass=DEFERRED ppOnly=0 stripLineD=0 buildPlatform=19 rsLen=0 pKW=UNITY_ENABLE_REFLECTION_BUFFERS UNITY_USE_DITHER_MASK_FOR_ALPHABLENDED_SHADOWS UNITY_PBS_USE_BRDF1 UNITY_SPECCUBE_BOX_PROJECTION UNITY_SPECCUBE_BLENDING UNITY_ENABLE_DETAIL_NORMALMAP SHADER_API_DESKTOP UNITY_LIGHT_PROBE_PROXY_VOLUME UNITY_LIGHTMAP_FULL_HDR UNITY_PLATFORM_SUPPORTS_DEPTH_FETCH UNITY_PASS_DEFERRED uKW= dKW=_NORMALMAP _ALPHATEST_ON _ALPHABLEND_ON _ALPHAPREMULTIPLY_ON _EMISSION _METALLICGLOSSMAP _SMOOTHNESS_TEXTURE_ALBEDO_CHANNEL_A _SPECULARHIGHLIGHTS_OFF _DETAIL_MULX2 _PARALLAXMAP INSTANCING_ON LIGHTPROBE_SH DYNAMICLIGHTMAP_ON SHADOWS_SHADOWMASK LIGHTMAP_ON DIRLIGHTMAP_COMBINED UNITY_HDR_ON UNITY_NO_DXT5nm UNITY_FRAMEBUFFER_FETCH_AVAILABLE UNITY_METAL_SHADOWS_USE_POINT_FILTERING UNITY_NO_SCREENSPACE_SHADOWS UNITY_PBS_USE_BRDF2 UNITY_PBS_USE_BRDF3 UNITY_HARDWARE_TIER1 UNITY_HARDWARE_TIER2 UNITY_HARDWARE_TIER3 UNITY_COLORSPACE_GAMMA UNITY_LIGHTMAP_DLDR_ENCODING UNITY_LIGHTMAP_RGBM_ENCODING UNITY_VIRTUAL_TEXTURING UNITY_PRETRANSFORM_TO_DISPLAY_ORIENTATION UNITY_ASTC_NORMALMAP_ENCODING SHADER_API_GLES30 SHADER_API_GLES31 SHADER_API_GLES32 UNITY_UNIFIED_SHADER_PRECISION_MODEL flags=0 lang=0 type=Fragment platform=d3d11 reqs=227 mask=6 start=186
RunExternalCompiler: begin name=FXC
RunExternalCompiler: end
compileSnippet complete
 ok=1 outsize=1154

Cmd: compileSnippet
  insize=2872 file=Packages/com.unity.xr.arfoundation/Assets/Shaders/SimulationLegacySynthetic.shader name=Hidden/Simulation/Legacy/Synthetic pass=DEFERRED ppOnly=0 stripLineD=0 buildPlatform=19 rsLen=0 pKW=UNITY_ENABLE_REFLECTION_BUFFERS UNITY_USE_DITHER_MASK_FOR_ALPHABLENDED_SHADOWS UNITY_PBS_USE_BRDF1 UNITY_SPECCUBE_BOX_PROJECTION UNITY_SPECCUBE_BLENDING UNITY_ENABLE_DETAIL_NORMALMAP SHADER_API_DESKTOP UNITY_LIGHT_PROBE_PROXY_VOLUME UNITY_LIGHTMAP_FULL_HDR UNITY_PLATFORM_SUPPORTS_DEPTH_FETCH UNITY_PASS_DEFERRED uKW= dKW=_NORMALMAP _ALPHATEST_ON _ALPHABLEND_ON _ALPHAPREMULTIPLY_ON _EMISSION _METALLICGLOSSMAP _SMOOTHNESS_TEXTURE_ALBEDO_CHANNEL_A _SPECULARHIGHLIGHTS_OFF _DETAIL_MULX2 _PARALLAXMAP INSTANCING_ON LIGHTPROBE_SH DYNAMICLIGHTMAP_ON SHADOWS_SHADOWMASK LIGHTMAP_ON DIRLIGHTMAP_COMBINED UNITY_HDR_ON UNITY_NO_DXT5nm UNITY_FRAMEBUFFER_FETCH_AVAILABLE UNITY_METAL_SHADOWS_USE_POINT_FILTERING UNITY_NO_SCREENSPACE_SHADOWS UNITY_PBS_USE_BRDF2 UNITY_PBS_USE_BRDF3 UNITY_HARDWARE_TIER1 UNITY_HARDWARE_TIER2 UNITY_HARDWARE_TIER3 UNITY_COLORSPACE_GAMMA UNITY_LIGHTMAP_DLDR_ENCODING UNITY_LIGHTMAP_RGBM_ENCODING UNITY_VIRTUAL_TEXTURING UNITY_PRETRANSFORM_TO_DISPLAY_ORIENTATION UNITY_ASTC_NORMALMAP_ENCODING SHADER_API_GLES30 SHADER_API_GLES31 SHADER_API_GLES32 UNITY_UNIFIED_SHADER_PRECISION_MODEL flags=0 lang=0 type=Fragment platform=d3d11 reqs=227 mask=6 start=182
RunExternalCompiler: begin name=FXC
RunExternalCompiler: end
compileSnippet complete
 ok=1 outsize=1154

Cmd: initializeCompiler

Cmd: compileSnippet
  insize=6984 file=Packages/com.unity.xr.arkit/Assets/Shaders/ARKitBackground.shader name=Unlit/ARKitBackground pass=<Unnamed Pass 0> ppOnly=0 stripLineD=0 buildPlatform=19 rsLen=0 pKW=UNITY_ENABLE_REFLECTION_BUFFERS UNITY_USE_DITHER_MASK_FOR_ALPHABLENDED_SHADOWS UNITY_PBS_USE_BRDF1 UNITY_SPECCUBE_BOX_PROJECTION UNITY_SPECCUBE_BLENDING UNITY_ENABLE_DETAIL_NORMALMAP SHADER_API_DESKTOP UNITY_LIGHT_PROBE_PROXY_VOLUME UNITY_LIGHTMAP_FULL_HDR UNITY_PLATFORM_SUPPORTS_DEPTH_FETCH uKW= dKW=ARKIT_BACKGROUND_URP ARKIT_HUMAN_SEGMENTATION_ENABLED ARKIT_ENVIRONMENT_DEPTH_ENABLED UNITY_NO_DXT5nm UNITY_FRAMEBUFFER_FETCH_AVAILABLE UNITY_METAL_SHADOWS_USE_POINT_FILTERING UNITY_NO_SCREENSPACE_SHADOWS UNITY_PBS_USE_BRDF2 UNITY_PBS_USE_BRDF3 UNITY_HARDWARE_TIER1 UNITY_HARDWARE_TIER2 UNITY_HARDWARE_TIER3 UNITY_COLORSPACE_GAMMA UNITY_LIGHTMAP_DLDR_ENCODING UNITY_LIGHTMAP_RGBM_ENCODING UNITY_VIRTUAL_TEXTURING UNITY_PRETRANSFORM_TO_DISPLAY_ORIENTATION UNITY_ASTC_NORMALMAP_ENCODING SHADER_API_GLES30 SHADER_API_GLES31 SHADER_API_GLES32 UNITY_UNIFIED_SHADER_PRECISION_MODEL flags=0 lang=3 type=Vertex platform=d3d11 reqs=33 mask=6 start=34
RunExternalCompiler: begin name=FXC
RunExternalCompiler: end
compileSnippet complete
 ok=1 outsize=794

Cmd: initializeCompiler

Unhandled exception: Protocol error - failed to read magic number. Error code 0x80000004 (Not connected). (transferred 0/4)

Quitting shader compiler process
